Rk,Name,Age,Tm,G,PA,AB,R,H,2B,3B,HR,RBI,SB,CS,BB,SO,BA,OBP,SLG,OPS,OPS+,TB,GDP,HBP,SH,SF,IBB,Pos Summary
1,Fernando Abad*\abadfe01,33,SFG,18,0,0,0,0,0,0,0,0,0,0,0,0,,,,,,0,0,0,0,0,0,1
2,Ronald Acuna Jr.\acunaro01,21,ATL,156,715,626,127,175,22,2,41,101,37,9,76,188,0.28,0.365,0.518,0.883,122,324,8,9,0,1,4,*879
3,Cristhian Adames#\adamecr01,27,SFG,10,24,22,1,7,1,0,0,2,0,0,2,8,0.318,0.375,0.364,0.739,100,8,0,0,0,0,0,/45
4,Austin Adams\adamsau02,28,WSN,1,0,0,0,0,0,0,0,0,0,0,0,0,,,,,,0,0,0,0,0,0,/1
5,Matt Adams*\adamsma01,30,WSN,111,333,310,42,70,14,0,20,56,0,0,20,115,0.226,0.276,0.465,0.741,83,144,7,2,0,1,1,3
6,Jim Adduci*\adducji02,34,CHC,2,5,5,0,0,0,0,0,0,0,0,0,3,0,0,0,0,-100,0,0,0,0,0,0,/9
7,Dario Agrazal\agrazda01,24,PIT,14,24,22,0,2,0,0,0,2,0,0,0,9,0.091,0.087,0.091,0.178,-52,2,0,0,1,1,0,1
8,Jesus Aguilar\aguilje01,29,MIL,94,262,222,26,50,9,0,8,34,0,0,31,59,0.225,0.32,0.374,0.694,80,83,11,2,0,4,0,43529
9,Nick Ahmed\ahmedni01,29,ARI,158,625,556,79,141,33,6,19,82,8,2,52,113,0.254,0.316,0.437,0.753,93,243,15,4,1,12,2,*6
10,R.J. Alaniz\alanirj01,28,CIN,8,1,1,0,1,0,0,0,1,0,0,0,0,1,1,1,2,420,1,0,0,0,0,0,/1
11,Matt Albers*\alberma01,36,MIL,63,0,0,0,0,0,0,0,0,0,0,0,0,,,,,,0,0,0,0,0,0,1
12,Ozzie Albies#\albieoz01,22,ATL,160,702,640,102,189,43,8,24,86,15,4,54,112,0.295,0.352,0.5,0.852,114,320,2,4,0,4,6,*4
13,Sandy Alcantara\alcansa01,23,MIA,31,63,58,2,5,1,0,0,4,0,0,1,46,0.086,0.117,0.103,0.22,-40,6,0,1,3,0,0,1
14,Scott Alexander*\alexasc02,29,LAD,27,0,0,0,0,0,0,0,0,0,0,0,0,,,,,,0,0,0,0,0,0,1
15,Jorge Alfaro\alfarjo01,26,MIA,130,465,431,44,113,14,1,18,57,4,4,22,154,0.262,0.312,0.425,0.736,95,183,12,10,0,2,1,*2/3D
16,Austin Allen*\allenau01,25,SDP,34,71,65,4,14,4,0,0,3,0,0,6,21,0.215,0.282,0.277,0.559,51,18,2,0,0,0,3,43499
17,Logan Allen\allenlo01,22,SDP,7,5,4,1,1,0,0,0,0,0,0,0,0,0.25,0.4,0.25,0.65,81,1,0,1,0,0,0,/1
18,Abraham Almonte#\almonab01,30,ARI,17,38,31,11,9,3,1,1,4,0,0,7,8,0.29,0.421,0.548,0.969,149,17,1,0,0,0,0,/98
19,Yency Almonte#\almonye01,25,COL,27,5,5,0,0,0,0,0,0,0,0,0,3,0,0,0,0,-100,0,0,0,0,0,0,1
20,Albert Almora\almoral01,25,CHC,130,363,339,41,80,11,1,12,32,2,1,16,62,0.236,0.271,0.381,0.651,66,129,8,1,5,2,4,*8
21,Pete Alonso\alonspe01,24,NYM,161,693,597,103,155,30,2,53,120,1,0,72,183,0.26,0.358,0.583,0.941,148,348,13,21,0,3,6,*3/D
22,Yonder Alonso*\alonsyo01,32,COL,54,84,73,11,19,7,0,3,10,0,0,10,17,0.26,0.357,0.479,0.837,101,35,5,1,0,0,1,3
23,Aaron Altherr\altheaa01,28,TOT,49,66,61,8,5,2,0,1,3,0,0,3,25,0.082,0.136,0.164,0.3,-21,10,1,1,0,1,0,87/91
24,Aaron Altherr\altheaa01,28,PHI,22,30,29,2,1,1,0,0,1,0,0,1,9,0.034,0.067,0.069,0.136,-65,2,1,0,0,0,0,/8971
25,Aaron Altherr\altheaa01,28,SFG,1,1,1,0,0,0,0,0,0,0,0,0,1,0,0,0,0,-100,0,0,0,0,0,0,
26,Aaron Altherr\altheaa01,28,NYM,26,35,31,6,4,1,0,1,2,0,0,2,15,0.129,0.2,0.258,0.458,23,8,0,1,0,1,0,32690
27,Jose Alvarez*\alvarjo02,30,PHI,62,0,0,0,0,0,0,0,0,0,0,0,0,,,,,,0,0,0,0,0,0,1
28,Adbert Alzolay\alzolad01,24,CHC,4,5,5,0,0,0,0,0,0,0,0,0,2,0,0,0,0,-100,0,0,0,0,0,0,/1
29,Brian Anderson\anderbr06,26,MIA,126,520,459,57,120,33,1,20,66,5,1,44,114,0.261,0.342,0.468,0.811,114,215,15,14,0,3,1,59/D
30,Chase Anderson\anderch01,31,MIL,31,44,40,1,4,1,0,0,1,0,0,2,24,0.1,0.143,0.125,0.268,-29,5,0,0,2,0,0,1
31,Drew Anderson\anderdr02,25,PHI,2,1,1,0,0,0,0,0,0,0,0,0,1,0,0,0,0,-100,0,0,0,0,0,0,/1
32,Nick Anderson\anderni01,28,MIA,41,0,0,0,0,0,0,0,0,0,0,0,0,,,,,,0,0,0,0,0,0,1
33,Shaun Anderson\andersh01,24,SFG,25,28,25,0,2,1,0,0,0,0,0,0,19,0.08,0.115,0.12,0.235,-37,3,0,1,2,0,0,1
34,Tyler Anderson*\anderty01,29,COL,5,8,7,1,1,0,0,0,0,0,0,0,4,0.143,0.143,0.143,0.286,-30,1,1,0,1,0,0,/1
35,Matt Andriese\andrima01,29,ARI,51,6,6,0,0,0,0,0,0,0,0,0,3,0,0,0,0,-100,0,0,0,0,0,0,1
36,Aristides Aquino\aquinar01,25,CIN,56,225,205,31,53,8,0,19,47,7,0,16,60,0.259,0.316,0.576,0.891,122,118,5,2,0,2,2,43711
37,Victor Arano\aranovi01,24,PHI,3,0,0,0,0,0,0,0,0,0,0,0,0,,,,,,0,0,0,0,0,0,/1
38,Chris Archer\archech01,30,PIT,22,41,35,1,4,0,0,0,2,0,0,3,19,0.114,0.184,0.114,0.298,-17,4,0,0,3,0,0,1
39,Orlando Arcia\arciaor01,24,MIL,152,546,494,51,110,16,1,15,59,8,5,43,109,0.223,0.283,0.35,0.633,64,173,15,1,2,6,5,*6
40,Nolan Arenado\arenano01,28,COL,155,662,588,102,185,31,2,41,118,3,2,62,93,0.315,0.379,0.583,0.962,129,343,14,4,0,8,11,*5
41,Randy Arozarena\arozara01,24,STL,19,23,20,4,6,1,0,1,2,2,1,2,4,0.3,0.391,0.5,0.891,133,10,0,1,0,0,0,/987
42,Jake Arrieta\arrieja01,33,PHI,23,50,45,2,7,1,0,0,4,0,0,1,19,0.156,0.174,0.178,0.352,-8,8,1,0,4,0,0,1
43,Tyler Austin\austity01,27,TOT,87,174,150,29,28,4,1,9,24,2,0,23,64,0.187,0.293,0.407,0.7,84,61,2,0,0,1,1,73/9D
44,Tyler Austin\austity01,27,SFG,70,147,130,24,24,2,1,8,20,1,0,17,57,0.185,0.279,0.4,0.679,79,52,1,0,0,0,0,73/9D
45,Tyler Austin\austity01,27,MIL,17,27,20,5,4,2,0,1,4,1,0,6,7,0.2,0.37,0.45,0.82,112,9,1,0,0,1,1,/3
46,Abiatal Avelino\aveliab01,24,SFG,4,8,7,0,2,0,0,0,1,0,0,1,3,0.286,0.375,0.286,0.661,82,2,0,0,0,0,0,/76
47,Alex Avila*\avilaal01,32,ARI,63,201,164,22,34,8,0,9,24,1,0,36,68,0.207,0.353,0.421,0.774,100,69,8,1,0,0,7,43497
48,Pedro Avila\avilape01,22,SDP,1,2,1,0,0,0,0,0,0,0,0,0,0,0,0,0,0,-100,0,0,0,1,0,0,/1
49,Luis Avilan*\avilalu01,29,NYM,43,0,0,0,0,0,0,0,0,0,0,0,0,,,,,,0,0,0,0,0,0,1
50,Harrison Bader\baderha01,25,STL,128,406,347,54,71,14,3,12,39,11,3,46,117,0.205,0.314,0.366,0.68,78,127,3,10,1,2,4,*8
51,Javier Baez\baezja01,26,CHC,138,561,531,89,149,38,4,29,85,11,7,28,156,0.281,0.316,0.531,0.847,113,282,16,0,0,2,3,*6/D5
52,Michel Baez\baezmi01,23,SDP,23,0,0,0,0,0,0,0,0,0,0,0,0,,,,,,0,0,0,0,0,0,1
53,Pedro Baez\baezpe01,31,LAD,66,0,0,0,0,0,0,0,0,0,0,0,0,,,,,,0,0,0,0,0,0,1
54,Austin Barnes\barneau01,29,LAD,75,242,212,28,43,12,1,5,25,3,0,23,56,0.203,0.293,0.34,0.633,68,72,8,5,0,2,3,43500
55,Jacob Barnes\barneja01,29,MIL,16,0,0,0,0,0,0,0,0,0,0,0,0,,,,,,0,0,0,0,0,0,1
56,Tony Barnette\barneto01,35,CHC,2,0,0,0,0,0,0,0,0,0,0,0,0,,,,,,0,0,0,0,0,0,/1
57,Tucker Barnhart#\barnhtu01,28,CIN,114,364,316,32,73,14,0,11,40,1,0,44,83,0.231,0.328,0.38,0.708,82,120,5,2,1,1,7,43499
58,Steven Baron\baronst01,28,PIT,7,10,10,0,2,1,0,0,1,0,0,0,6,0.2,0.2,0.3,0.5,30,3,0,0,0,0,0,/2
59,Kyle Barraclough\barraky01,29,TOT,41,0,0,0,0,0,0,0,0,0,0,0,0,,,,,,0,0,0,0,0,0,1
60,Kyle Barraclough\barraky01,29,WSN,32,0,0,0,0,0,0,0,0,0,0,0,0,,,,,,0,0,0,0,0,0,1
61,Kyle Barraclough\barraky01,29,SFG,9,0,0,0,0,0,0,0,0,0,0,0,0,,,,,,0,0,0,0,0,0,1
62,Tres Barrera\barretr01,24,WSN,2,2,2,0,0,0,0,0,0,0,0,0,0,0,0,0,0,-100,0,0,0,0,0,0,/2
63,Aaron Barrett\barreaa01,31,WSN,2,0,0,0,0,0,0,0,0,0,0,0,0,,,,,,0,0,0,0,0,0,/1
64,Tyler Bashlor\bashlty01,26,NYM,24,0,0,0,0,0,0,0,0,0,0,0,0,,,,,,0,0,0,0,0,0,1
65,Trevor Bauer\bauertr01,28,CIN,9,16,14,1,2,0,0,0,0,0,0,2,9,0.143,0.25,0.143,0.393,6,2,0,0,0,0,0,1
66,Matt Beaty*\beatyma01,26,LAD,99,268,249,36,66,19,1,9,46,5,0,17,33,0.265,0.317,0.458,0.775,102,114,6,2,0,0,2,37/5D9
67,David Bednar*\bednada01,24,SDP,13,0,0,0,0,0,0,0,0,0,0,0,0,,,,,,0,0,0,0,0,0,1
68,Tyler Beede\beedety01,26,SFG,25,43,38,2,4,0,0,0,1,0,0,3,23,0.105,0.171,0.105,0.276,-23,4,0,0,2,0,0,1
69,Josh Bell#\belljo02,26,PIT,143,613,527,94,146,37,3,37,116,0,1,74,118,0.277,0.367,0.569,0.936,143,300,11,5,0,7,13,*3/D
70,Cody Bellinger*\bellico01,23,LAD,156,661,558,121,170,34,3,47,115,15,5,95,108,0.305,0.406,0.629,1.035,169,351,10,3,0,4,21,*938
71,Brandon Belt*\beltbr01,31,SFG,156,616,526,76,123,32,3,17,57,4,3,83,127,0.234,0.339,0.403,0.742,98,212,6,3,0,4,3,*37/D9
72,Travis Bergen*\bergetr01,25,SFG,21,0,0,0,0,0,0,0,0,0,0,0,0,,,,,,0,0,0,0,0,0,1
73,Jon Berti\bertijo01,29,MIA,73,287,256,52,70,14,1,6,24,17,3,24,73,0.273,0.348,0.406,0.755,102,104,2,6,0,1,0,685/79
74,Chad Bettis\bettich01,30,COL,35,10,5,0,0,0,0,0,0,0,0,2,2,0,0.286,0,0.286,-19,0,0,0,3,0,0,1
75,Jesse Biddle*\biddlje01,27,ATL,13,0,0,0,0,0,0,0,0,0,0,0,0,,,,,,0,0,0,0,0,0,1
76,Ty Blach\blachty01,28,SFG,2,1,1,0,0,0,0,0,0,0,0,0,1,0,0,0,0,-100,0,0,0,0,0,0,/1
77,Ray Black\blackra01,29,TOT,17,0,0,0,0,0,0,0,0,0,0,0,0,,,,,,0,0,0,0,0,0,1
78,Ray Black\blackra01,29,SFG,2,0,0,0,0,0,0,0,0,0,0,0,0,,,,,,0,0,0,0,0,0,/1
79,Ray Black\blackra01,29,MIL,15,0,0,0,0,0,0,0,0,0,0,0,0,,,,,,0,0,0,0,0,0,1
80,Charlie Blackmon*\blackch02,32,COL,140,634,580,112,182,42,7,32,86,2,5,40,104,0.314,0.364,0.576,0.94,123,334,11,9,0,5,1,*9/D
81,Alex Blandino\blandal01,26,CIN,23,50,36,6,9,1,0,1,3,0,0,10,14,0.25,0.42,0.361,0.781,105,13,1,2,0,2,0,4/53D
82,Michael Blazek\blazemi01,30,WSN,4,0,0,0,0,0,0,0,0,0,0,0,0,,,,,,0,0,0,0,0,0,/1
83,Jerry Blevins*\blevije01,35,ATL,43,0,0,0,0,0,0,0,0,0,0,0,0,,,,,,0,0,0,0,0,0,1
84,Ronald Bolanos\bolanro01,22,SDP,5,5,5,1,0,0,0,0,1,0,0,0,4,0,0,0,0,-100,0,0,0,0,0,0,/1
85,David Bote\boteda01,26,CHC,127,356,303,47,78,17,0,11,41,5,1,44,93,0.257,0.362,0.422,0.785,103,128,11,7,0,2,4,54/69
86,James Bourque\bourqja01,25,WSN,1,0,0,0,0,0,0,0,0,0,0,0,0,,,,,,0,0,0,0,0,0,/1
87,Matt Bowman\bowmama01,28,CIN,25,1,1,0,0,0,0,0,0,0,0,0,0,0,0,0,0,-100,0,0,0,0,0,0,1
88,Brad Brach\brachbr01,33,TOT,53,5,4,0,1,0,0,0,1,0,0,0,1,0.25,0.25,0.25,0.5,31,1,0,0,1,0,0,1
89,Brad Brach\brachbr01,33,CHC,39,5,4,0,1,0,0,0,1,0,0,0,1,0.25,0.25,0.25,0.5,31,1,0,0,1,0,0,1
90,Brad Brach\brachbr01,33,NYM,14,0,0,0,0,0,0,0,0,0,0,0,0,,,,,,0,0,0,0,0,0,1
91,Archie Bradley\bradlar01,26,ARI,61,1,1,0,0,0,0,0,0,0,0,0,1,0,0,0,0,-100,0,0,0,0,0,0,1
92,Rob Brantly*\brantro01,29,PHI,1,1,1,0,0,0,0,0,0,0,0,0,1,0,0,0,0,-100,0,0,0,0,0,0,
93,Steven Brault*\braulst01,27,PIT,33,50,42,8,14,1,0,1,2,0,0,1,8,0.333,0.349,0.429,0.777,105,18,1,0,7,0,0,1
94,Ryan Braun\braunry02,35,MIL,144,508,459,70,131,31,2,22,75,11,1,34,105,0.285,0.343,0.505,0.849,116,232,15,8,0,3,1,*7/D9
95,John Brebbia*\brebbjo01,29,STL,63,1,1,1,1,0,0,0,0,0,0,0,0,1,1,1,2,432,1,0,0,0,0,0,1
96,Austin Brice\briceau01,27,MIA,34,0,0,0,0,0,0,0,0,0,0,0,0,,,,,,0,0,0,0,0,0,1
97,Jeff Brigham\brighje01,27,MIA,32,1,1,0,0,0,0,0,0,0,0,0,1,0,0,0,0,-100,0,0,0,0,0,0,1
98,Lewis Brinson\brinsle01,25,MIA,75,248,226,15,39,9,1,0,15,1,1,13,74,0.173,0.236,0.221,0.457,24,50,8,6,2,1,1,89
99,Keon Broxton\broxtke01,29,NYM,34,53,49,5,7,1,0,0,2,4,1,4,22,0.143,0.208,0.163,0.371,3,8,1,0,0,0,0,32690
100,Jay Bruce*\bruceja01,32,PHI,51,149,145,16,32,6,0,12,31,0,0,3,29,0.221,0.235,0.51,0.745,84,74,4,0,0,1,0,7/D
101,Kris Bryant\bryankr01,27,CHC,147,634,543,108,153,35,1,31,77,4,0,74,145,0.282,0.382,0.521,0.903,131,283,10,15,0,2,1,*597/3D
102,Walker Buehler\buehlwa01,24,LAD,29,66,59,5,5,0,0,1,2,0,0,4,33,0.085,0.143,0.136,0.278,-25,8,0,0,3,0,0,1
103,Madison Bumgarner\bumgama01,29,SFG,35,76,63,4,8,0,0,2,4,0,0,9,40,0.127,0.236,0.222,0.458,24,14,0,0,4,0,0,1
104,Nick Burdi\burdini01,26,PIT,10,0,0,0,0,0,0,0,0,0,0,0,0,,,,,,0,0,0,0,0,0,1
105,Corbin Burnes\burneco01,24,MIL,30,8,7,0,2,0,0,0,0,0,0,0,2,0.286,0.286,0.286,0.571,50,2,0,0,1,0,0,1
106,Drew Butera\buterdr01,35,COL,16,49,43,6,7,3,0,0,3,0,0,4,14,0.163,0.229,0.233,0.462,13,10,2,0,1,1,0,43499
107,Asdrubal Cabrera#\cabreas01,33,WSN,38,146,124,24,40,10,1,6,40,0,0,19,18,0.323,0.404,0.565,0.969,143,70,3,0,0,3,1,19450
108,Genesis Cabrera*\cabrege01,22,STL,13,4,4,0,0,0,0,0,0,0,0,0,4,0,0,0,0,-100,0,0,0,0,0,0,1
109,Melky Cabrera#\cabreme01,34,PIT,133,397,378,43,106,22,1,7,47,2,0,17,41,0.28,0.313,0.399,0.713,88,151,14,1,1,0,3,97/D
110,Lorenzo Cain\cainlo01,33,MIL,148,623,562,75,146,30,0,11,48,18,8,50,106,0.26,0.325,0.372,0.697,81,209,14,6,0,4,0,*8
111,Johan Camargo#\camarjo01,25,ATL,98,248,232,31,54,12,1,7,32,1,0,15,43,0.233,0.279,0.384,0.663,67,89,5,0,1,0,2,657/943D
112,Robinson Cano*\canoro01,36,NYM,107,423,390,46,100,28,0,13,39,0,0,25,69,0.256,0.307,0.428,0.736,96,167,16,5,0,3,3,4/D
113,Victor Caratini#\caratvi01,25,CHC,95,279,244,31,65,11,0,11,34,1,0,29,59,0.266,0.348,0.447,0.794,104,109,6,3,0,3,0,23/51
114,Shane Carle\carlesh01,27,ATL,5,1,1,0,0,0,0,0,0,0,0,0,1,0,0,0,0,-100,0,0,0,0,0,0,/1
115,Matt Carpenter*\carpema01,33,STL,129,492,416,59,94,20,2,15,46,6,1,63,129,0.226,0.334,0.392,0.726,91,163,3,7,1,5,0,5/3D
116,Curt Casali\casalcu01,30,CIN,84,236,207,24,52,9,0,8,32,0,0,25,59,0.251,0.331,0.411,0.741,90,85,1,1,0,3,1,2/3D
117,Nicholas Castellanos\casteni01,27,CHC,51,225,212,43,68,21,0,16,36,0,1,10,47,0.321,0.356,0.646,1.002,151,137,5,2,0,1,0,97
118,Jose Castillo*\castijo03,23,SDP,1,0,0,0,0,0,0,0,0,0,0,0,0,,,,,,0,0,0,0,0,0,/1
119,Luis Castillo\castilu02,26,CIN,31,66,62,3,6,1,0,0,0,0,0,0,32,0.097,0.097,0.113,0.21,-46,7,1,0,4,0,0,1
120,Wilkin Castillo#\castiwi01,35,MIA,2,7,7,0,1,1,0,0,2,0,0,0,3,0.143,0.143,0.286,0.429,10,2,0,0,0,0,0,/2
121,Starlin Castro\castrst01,29,MIA,162,676,636,68,172,31,4,22,86,2,2,28,111,0.27,0.3,0.436,0.736,94,277,23,3,0,9,2,*45/6
122,Xavier Cedeno*\cedenxa01,32,CHC,5,0,0,0,0,0,0,0,0,0,0,0,0,,,,,,0,0,0,0,0,0,/1
123,Francisco Cervelli\cervefr01,33,TOT,48,160,141,15,30,8,1,3,12,1,0,13,41,0.213,0.302,0.348,0.649,71,49,7,5,1,0,0,2/3D
124,Francisco Cervelli\cervefr01,33,PIT,34,123,109,11,21,3,0,1,5,1,0,9,31,0.193,0.279,0.248,0.526,42,27,4,4,1,0,0,43499
125,Francisco Cervelli\cervefr01,33,ATL,14,37,32,4,9,5,1,2,7,0,0,4,10,0.281,0.378,0.688,1.066,163,22,3,1,0,0,0,/23D
126,Jhoulys Chacin\chacijh01,31,MIL,18,25,24,2,3,0,0,1,1,0,0,1,10,0.125,0.16,0.25,0.41,4,6,0,0,0,0,0,1
127,Andrew Chafin\chafian01,29,ARI,71,0,0,0,0,0,0,0,0,0,0,0,0,,,,,,0,0,0,0,0,0,1
128,JT Chargois#\chargjt01,28,LAD,19,1,1,0,0,0,0,0,0,0,0,0,1,0,0,0,0,-100,0,0,0,0,0,0,1
129,Tyler Chatwood\chatwty01,29,CHC,40,21,18,1,3,2,0,0,1,0,0,1,6,0.167,0.211,0.278,0.488,25,5,0,0,2,0,0,1
130,Wei-Yin Chen\chenwe02,33,MIA,43,5,5,0,0,0,0,0,0,0,0,0,4,0,0,0,0,-100,0,0,0,0,0,0,1
131,Steve Cishek\cishest01,33,CHC,64,2,2,0,0,0,0,0,0,0,0,0,0,0,0,0,0,-100,0,0,0,0,0,0,1
132,Taylor Clarke\clarkta01,26,ARI,21,25,24,2,6,0,0,1,2,0,0,0,10,0.25,0.25,0.375,0.625,59,9,0,0,1,0,0,1
133,Alex Claudio*\claudal01,27,MIL,78,0,0,0,0,0,0,0,0,0,0,0,0,,,,,,0,0,0,0,0,0,1
134,Tim Collins*\colliti01,29,CHC,9,0,0,0,0,0,0,0,0,0,0,0,0,,,,,,0,0,0,0,0,0,/1
135,Christian Colon\colonch01,30,CIN,8,8,6,1,3,0,0,0,1,0,0,0,0,0.5,0.625,0.5,1.125,198,3,0,2,0,0,0,/4
136,Michael Conforto*\confomi01,26,NYM,151,648,549,90,141,29,1,33,92,7,2,84,149,0.257,0.363,0.494,0.856,128,271,11,10,0,5,5,*98
137,Adam Conley*\conlead01,29,MIA,56,1,1,0,0,0,0,0,0,0,0,0,0,0,0,0,0,-100,0,0,0,0,0,0,1
138,Willson Contreras\contrwi01,27,CHC,105,409,360,57,98,18,2,24,64,1,2,38,102,0.272,0.355,0.533,0.888,125,192,4,9,0,2,2,2/39D7
139,Sam Coonrod\coonrsa01,26,SFG,28,0,0,0,0,0,0,0,0,0,0,0,0,,,,,,0,0,0,0,0,0,1
140,Garrett Cooper\coopega03,28,MIA,107,421,381,52,107,16,1,15,50,0,0,33,110,0.281,0.344,0.446,0.791,110,170,10,5,0,2,0,39/D
141,Patrick Corbin*\corbipa01,29,WSN,31,72,65,3,6,1,0,0,4,0,0,3,27,0.092,0.132,0.108,0.24,-37,7,0,0,4,0,0,1
142,Franchy Cordero*\cordefr02,24,SDP,9,20,15,2,5,1,0,0,1,1,0,4,7,0.333,0.45,0.4,0.85,131,6,0,0,0,1,0,/89
143,Dylan Cozens*\cozendy01,25,PHI,1,1,1,0,0,0,0,0,0,0,0,0,0,0,0,0,0,-100,0,0,0,0,0,0,
144,Brandon Crawford*\crawfbr01,32,SFG,147,560,500,58,114,24,2,11,59,3,2,53,117,0.228,0.304,0.35,0.654,75,175,10,3,0,4,5,*6
145,Stefan Crichton\crichst01,27,ARI,28,0,0,0,0,0,0,0,0,0,0,0,0,,,,,,0,0,0,0,0,0,1
146,Kyle Crick*\crickky01,26,PIT,48,0,0,0,0,0,0,0,0,0,0,0,0,,,,,,0,0,0,0,0,0,1
147,Kevin Cron\cronke01,26,ARI,39,78,71,12,15,4,0,6,16,0,1,4,28,0.211,0.269,0.521,0.79,98,37,2,2,0,1,0,3/D5
148,Johnny Cueto\cuetojo01,33,SFG,4,4,4,0,0,0,0,0,0,0,0,0,3,0,0,0,0,-100,0,0,0,0,0,0,/1
149,Noel Cuevas\cuevano01,27,COL,1,2,2,0,0,0,0,0,0,0,0,0,0,0,0,0,0,-100,0,0,0,0,0,0,/7
150,Charlie Culberson\culbech01,30,ATL,108,144,135,14,35,5,2,5,20,0,1,6,44,0.259,0.294,0.437,0.731,83,59,5,1,1,1,0,793/615
151,Travis d'Arnaud\darnatr01,30,TOT,11,26,24,2,2,0,0,0,2,0,0,2,5,0.083,0.154,0.083,0.237,-33,2,1,0,0,0,0,/2
152,Travis d'Arnaud\darnatr01,30,NYM,10,25,23,2,2,0,0,0,2,0,0,2,5,0.087,0.16,0.087,0.247,-30,2,1,0,0,0,0,/2
153,Travis d'Arnaud\darnatr01,30,LAD,1,1,1,0,0,0,0,0,0,0,0,0,0,0,0,0,0,-100,0,0,0,0,0,0,
154,David Dahl*\dahlda01,25,COL,100,413,374,67,113,28,5,15,61,4,4,28,110,0.302,0.353,0.524,0.877,109,196,3,4,2,5,0,879
155,Yu Darvish\darviyu01,32,CHC,30,62,56,1,5,0,0,0,3,0,0,2,31,0.089,0.119,0.089,0.208,-45,5,1,0,3,1,0,1
156,Zach Davies\davieza02,26,MIL,34,55,52,3,8,2,0,0,3,0,0,1,25,0.154,0.17,0.192,0.362,-6,10,1,0,2,0,0,1
157,Austin Davis*\davisau01,26,PHI,13,0,0,0,0,0,0,0,0,0,0,0,0,,,,,,0,0,0,0,0,0,1
158,J.D. Davis\davisjd01,26,NYM,140,453,410,65,126,22,1,22,57,3,0,38,97,0.307,0.369,0.527,0.895,138,216,14,3,0,2,2,75/D
159,Jaylin Davis\davisja03,24,SFG,17,47,42,2,7,0,0,1,3,1,2,3,11,0.167,0.255,0.238,0.493,34,10,1,2,0,0,0,9/D
160,Rajai Davis\davisra01,38,NYM,29,26,25,4,5,2,0,1,8,0,1,1,5,0.2,0.231,0.4,0.631,65,10,0,0,0,0,0,43655
161,Rookie Davis\davisro03,26,PIT,5,1,1,0,0,0,0,0,0,0,0,0,0,0,0,0,0,-100,0,0,0,0,0,0,/1
162,Taylor Davis\davista01,29,CHC,7,20,18,2,3,0,0,1,4,0,0,2,4,0.167,0.25,0.333,0.583,49,6,0,0,0,0,0,/231
163,Wade Davis\daviswa01,33,COL,47,0,0,0,0,0,0,0,0,0,0,0,0,,,,,,0,0,0,0,0,0,1
164,Grant Dayton*\daytogr01,31,ATL,13,0,0,0,0,0,0,0,0,0,0,0,0,,,,,,0,0,0,0,0,0,1
165,Yonathan Daza\dazayo01,25,COL,44,105,97,7,20,1,1,0,3,1,0,7,21,0.206,0.257,0.237,0.494,22,23,2,0,0,1,0,29068
166,Enyel De Los Santos\delosen01,23,PHI,5,1,1,0,0,0,0,0,0,0,0,0,1,0,0,0,0,-100,0,0,0,0,0,0,/1
167,Austin Dean\deanau01,25,MIA,64,189,178,17,40,14,0,6,21,0,2,9,47,0.225,0.261,0.404,0.665,74,72,5,0,1,1,1,14427
168,Jacob deGrom*\degroja01,31,NYM,31,70,65,4,13,2,0,2,6,0,0,4,19,0.2,0.246,0.323,0.569,52,21,0,0,1,0,0,1
169,Paul DeJong\dejonpa01,25,STL,159,664,583,97,136,31,1,30,78,9,5,62,149,0.233,0.318,0.444,0.762,97,259,15,13,0,6,1,*6
170,Daniel Descalso*\descada01,32,CHC,82,194,168,20,29,5,1,2,15,2,1,23,57,0.173,0.271,0.25,0.521,37,42,3,0,1,1,0,4/5D31
171,Anthony DeSclafani\desclan01,29,CIN,30,57,55,0,6,0,0,0,1,0,0,0,28,0.109,0.109,0.109,0.218,-43,6,0,0,2,0,0,1
172,Ian Desmond\desmoia01,33,COL,140,482,443,64,113,31,4,20,65,3,3,34,119,0.255,0.31,0.479,0.788,88,212,12,2,1,2,1,*87/D1
173,Edwin Diaz\diazed04,25,NYM,61,0,0,0,0,0,0,0,0,0,0,0,0,,,,,,0,0,0,0,0,0,1
174,Elias Diaz\diazel01,28,PIT,101,332,303,31,73,14,0,2,28,0,0,23,56,0.241,0.296,0.307,0.603,61,93,11,2,1,3,0,2
175,Isan Diaz*\diazis01,23,MIA,49,201,179,17,31,5,2,5,23,0,3,19,59,0.173,0.259,0.307,0.566,51,55,2,2,0,1,0,4
176,Jairo Diaz\diazja01,28,COL,54,0,0,0,0,0,0,0,0,0,0,0,0,,,,,,0,0,0,0,0,0,1
177,Miguel Diaz\diazmi02,24,SDP,5,1,1,0,0,0,0,0,0,0,0,0,1,0,0,0,0,-100,0,0,0,0,0,0,/1
178,Alex Dickerson*\dickeal01,29,TOT,68,190,174,29,48,13,3,6,28,1,1,13,42,0.276,0.332,0.489,0.82,115,85,5,2,0,1,1,43655
179,Alex Dickerson*\dickeal01,29,SDP,12,19,19,1,3,0,0,0,2,0,0,0,7,0.158,0.158,0.158,0.316,-15,3,0,0,0,0,0,/7
180,Alex Dickerson*\dickeal01,29,SFG,56,171,155,28,45,13,3,6,26,1,1,13,35,0.29,0.351,0.529,0.88,131,82,5,2,0,1,1,43655
181,Corey Dickerson*\dickeco01,30,TOT,78,279,260,33,79,28,2,12,59,1,0,16,56,0.304,0.341,0.565,0.906,131,147,4,0,0,3,4,7
182,Corey Dickerson*\dickeco01,30,PIT,44,142,127,20,40,18,0,4,25,1,0,13,23,0.315,0.373,0.551,0.924,141,70,3,0,0,2,4,7
183,Corey Dickerson*\dickeco01,30,PHI,34,137,133,13,39,10,2,8,34,0,0,3,33,0.293,0.307,0.579,0.886,121,77,1,0,0,1,0,7
184,Phillip Diehl*\diehlph01,24,COL,10,0,0,0,0,0,0,0,0,0,0,0,0,,,,,,0,0,0,0,0,0,1
185,Derek Dietrich*\dietrde01,29,CIN,113,306,251,41,47,8,2,19,43,1,1,28,74,0.187,0.328,0.462,0.79,100,116,2,25,0,1,2,437/D5
186,Wilmer Difo#\difowi01,27,WSN,43,144,131,15,33,2,0,2,8,0,1,12,29,0.252,0.315,0.313,0.628,61,41,2,0,1,0,3,19876
187,Seranthony Dominguez\dominse01,24,PHI,26,1,1,0,0,0,0,0,0,0,0,0,1,0,0,0,0,-100,0,0,0,0,0,0,1
188,Josh Donaldson\donaljo02,33,ATL,155,659,549,96,142,33,0,37,94,4,2,100,155,0.259,0.379,0.521,0.9,127,286,13,8,0,2,2,*5/D
189,Sean Doolittle*\doolise01,32,WSN,61,3,3,0,0,0,0,0,0,0,0,0,2,0,0,0,0,-100,0,1,0,0,0,0,1
190,Brian Dozier\doziebr01,32,WSN,135,482,416,54,99,20,0,20,50,3,4,61,105,0.238,0.34,0.43,0.771,95,179,11,4,0,1,2,*4/1
191,Mauricio Dubon\dubonma01,24,TOT,30,111,106,12,29,5,0,4,9,3,1,5,20,0.274,0.306,0.434,0.74,95,46,3,0,0,0,0,46
192,Mauricio Dubon\dubonma01,24,MIL,2,2,2,0,0,0,0,0,0,0,0,0,1,0,0,0,0,-100,0,0,0,0,0,0,/6
193,Mauricio Dubon\dubonma01,24,SFG,28,109,104,12,29,5,0,4,9,3,1,5,19,0.279,0.312,0.442,0.754,99,46,3,0,0,0,0,43561
194,Steven Duggar*\duggast01,25,SFG,73,281,261,26,61,12,2,4,28,1,4,16,78,0.234,0.278,0.341,0.619,65,89,1,1,0,3,0,89
195,Robert Dugger\duggero01,23,MIA,7,11,11,0,0,0,0,0,0,0,0,0,6,0,0,0,0,-100,0,0,0,0,0,0,/1
196,Zach Duke*\dukeza01,36,CIN,29,0,0,0,0,0,0,0,0,0,0,0,0,,,,,,0,0,0,0,0,0,1
197,Mike Dunn*\dunnmi01,34,COL,25,0,0,0,0,0,0,0,0,0,0,0,0,,,,,,0,0,0,0,0,0,1
198,Jon Duplantier*\duplajo01,24,ARI,15,8,8,1,1,0,0,0,0,0,0,0,5,0.125,0.125,0.125,0.25,-34,1,0,0,0,0,0,1
199,Montana DuRapau\durapmo01,27,PIT,14,4,4,0,1,0,0,0,0,0,0,0,2,0.25,0.25,0.25,0.5,34,1,0,0,0,0,0,1
200,Adam Duvall\duvalad01,30,ATL,41,130,120,17,32,4,1,10,19,0,0,7,39,0.267,0.315,0.567,0.882,118,68,0,2,0,1,0,43655
201,Jarrod Dyson*\dysonja01,34,ARI,130,452,400,65,92,11,2,7,27,30,4,47,86,0.23,0.313,0.32,0.633,66,128,1,2,1,2,0,*897
202,Sam Dyson\dysonsa01,31,SFG,47,0,0,0,0,0,0,0,0,0,0,0,0,,,,,,0,0,0,0,0,0,1
203,Adam Eaton*\eatonad02,30,WSN,151,656,566,103,158,25,7,15,49,15,3,65,106,0.279,0.365,0.428,0.792,101,242,8,13,9,3,0,*9/7
204,Tommy Edman#\edmanto01,24,STL,92,349,326,59,99,17,7,11,36,15,1,16,61,0.304,0.35,0.5,0.85,120,163,3,7,0,0,0,549/87
205,Carl Edwards Jr.\edwarca01,27,TOT,20,0,0,0,0,0,0,0,0,0,0,0,0,,,,,,0,0,0,0,0,0,1
206,Carl Edwards Jr.\edwarca01,27,CHC,18,0,0,0,0,0,0,0,0,0,0,0,0,,,,,,0,0,0,0,0,0,1
207,Carl Edwards Jr.\edwarca01,27,SDP,2,0,0,0,0,0,0,0,0,0,0,0,0,,,,,,0,0,0,0,0,0,/1
208,Zach Eflin\eflinza01,25,PHI,31,52,50,3,8,1,0,0,2,0,0,0,27,0.16,0.16,0.18,0.34,-12,9,0,0,2,0,0,1
209,Jerad Eickhoff\eickhje01,28,PHI,12,19,14,0,0,0,0,0,0,0,0,1,7,0,0.067,0,0.067,-80,0,0,0,4,0,0,1
210,Roenis Elias*\eliasro01,30,WSN,4,1,1,0,0,0,0,0,0,0,0,0,0,0,0,0,0,-100,0,0,0,0,0,0,/1
211,Jake Elmore\elmorja01,32,PIT,20,49,47,3,10,1,0,0,4,0,1,2,8,0.213,0.245,0.234,0.479,29,11,0,0,0,0,0,/7594
212,Robbie Erlin\erlinro01,28,SDP,34,4,4,0,0,0,0,0,0,0,0,0,0,0,0,0,0,-100,0,1,0,0,0,0,1
213,Phil Ervin\ervinph01,26,CIN,94,260,236,30,64,11,7,7,23,4,3,18,63,0.271,0.331,0.466,0.797,102,110,4,4,0,2,0,789
214,Eduardo Escobar#\escobed01,30,ARI,158,699,636,94,171,29,10,35,118,5,1,50,130,0.269,0.32,0.511,0.831,111,325,8,3,0,10,3,*54/D
215,Luis Escobar\escoblu01,23,PIT,4,2,2,0,0,0,0,0,0,0,0,0,1,0,0,0,0,-100,0,0,0,0,0,0,/1
216,Carlos Estevez\estevca01,26,COL,67,0,0,0,0,0,0,0,0,0,0,0,0,,,,,,0,0,0,0,0,0,1
217,Jeurys Familia\familje01,29,NYM,61,0,0,0,0,0,0,0,0,0,0,0,0,,,,,,0,0,0,0,0,0,1
218,Jake Faria\fariaja01,25,MIL,9,0,0,0,0,0,0,0,0,0,0,0,0,,,,,,0,0,0,0,0,0,/1
219,Kyle Farmer\farmeky01,28,CIN,97,197,183,22,42,6,0,9,27,4,1,10,59,0.23,0.279,0.41,0.689,74,75,1,3,0,1,1,4325/D16
220,Erick Fedde\feddeer01,26,WSN,20,20,15,1,2,0,0,0,0,0,0,0,6,0.133,0.133,0.133,0.267,-31,2,0,0,5,0,0,1
221,Michael Feliz\felizmi01,26,PIT,54,0,0,0,0,0,0,0,0,0,0,0,0,,,,,,0,0,0,0,0,0,1
222,Caleb Ferguson\ferguca01,22,LAD,42,2,2,1,1,1,0,0,0,0,0,0,0,0.5,0.5,1,1.5,282,2,0,0,0,0,0,1
223,Junior Fernandez\fernaju01,22,STL,12,0,0,0,0,0,0,0,0,0,0,0,0,,,,,,0,0,0,0,0,0,1
224,Jack Flaherty\flaheja01,23,STL,35,66,54,4,10,3,0,0,4,1,1,2,17,0.185,0.211,0.241,0.451,19,13,0,0,9,1,0,1
225,Chris Flexen\flexech01,24,NYM,9,2,2,0,1,0,0,0,0,0,0,0,0,0.5,0.5,0.5,1,173,1,0,0,0,0,0,/1
226,Wilmer Flores\florewi01,27,ARI,89,285,265,31,84,18,0,9,37,0,0,15,31,0.317,0.361,0.487,0.848,118,129,9,4,0,1,0,43
227,Dylan Floro*\florody01,28,LAD,46,2,2,0,0,0,0,0,0,0,0,0,1,0,0,0,0,-100,0,0,0,0,0,0,1
228,Tyler Flowers\flowety01,33,ATL,85,310,271,36,62,11,3,11,34,0,0,31,105,0.229,0.319,0.413,0.733,86,112,8,6,0,2,3,2
229,Mike Foltynewicz\foltymi01,27,ATL,19,38,35,1,2,0,0,0,1,0,0,0,19,0.057,0.057,0.057,0.114,-71,2,1,0,3,0,0,1
230,Wilmer Font\fontwi01,29,NYM,14,4,3,0,1,0,0,0,0,0,0,0,2,0.333,0.333,0.333,0.667,82,1,0,0,1,0,0,1
231,Dexter Fowler#\fowlede01,33,STL,150,574,487,69,116,24,1,19,67,8,5,74,142,0.238,0.346,0.409,0.754,98,199,6,8,1,4,1,*98
232,Ty France\francty01,24,SDP,69,201,184,20,43,8,1,7,24,0,2,9,49,0.234,0.294,0.402,0.696,83,74,8,7,0,1,0,54/13
233,Enderson Franco\francen01,26,SFG,4,0,0,0,0,0,0,0,0,0,0,0,0,,,,,,0,0,0,0,0,0,/1
234,Maikel Franco\francma02,26,PHI,123,428,389,48,91,17,0,17,56,0,0,36,61,0.234,0.297,0.409,0.705,80,159,14,0,0,3,19,*5/3
235,Adam Frazier*\fraziad01,27,PIT,152,608,554,80,154,33,7,10,50,5,5,40,75,0.278,0.336,0.417,0.753,99,231,6,9,4,1,4,*4
236,Todd Frazier\frazito01,33,NYM,133,499,447,63,112,19,2,21,67,1,2,40,106,0.251,0.329,0.443,0.772,106,198,9,12,0,0,1,*5/3D
237,Kyle Freeland*\freelky01,26,COL,19,31,23,1,2,0,0,0,0,0,0,3,15,0.087,0.192,0.087,0.279,-27,2,1,0,5,0,0,1
238,Freddie Freeman*\freemfr01,29,ATL,158,692,597,113,176,34,2,38,121,6,3,87,127,0.295,0.389,0.549,0.938,136,328,17,6,0,2,11,*3
239,David Freese\freesda01,36,LAD,79,186,162,35,51,13,0,11,29,0,0,23,44,0.315,0.403,0.599,1.002,161,97,7,1,0,0,0,3/D5
240,David Freitas\freitda01,30,MIL,16,16,13,1,1,0,0,0,0,0,0,3,5,0.077,0.25,0.077,0.327,-8,1,1,0,0,0,0,
241,Max Fried*\friedma01,25,ATL,38,65,56,11,11,4,0,0,4,0,0,5,16,0.196,0.262,0.268,0.53,37,15,0,0,4,0,0,1
242,Josh Fuentes\fuentjo01,26,COL,24,56,55,8,12,1,0,3,7,1,0,1,20,0.218,0.232,0.4,0.632,49,22,0,0,0,0,0,43529
243,Drew Gagnon\gagnodr01,29,NYM,17,4,3,0,1,0,0,0,0,0,0,0,0,0.333,0.333,0.333,0.667,82,1,1,0,1,0,0,1
244,Rocky Gale\galero01,31,LAD,5,15,15,1,2,0,0,0,0,0,0,0,7,0.133,0.133,0.133,0.267,-29,2,1,0,0,0,0,/2
245,Giovanny Gallegos\gallegi01,27,STL,63,3,2,0,0,0,0,0,0,0,0,0,1,0,0,0,0,-100,0,0,0,1,0,0,1
246,Zac Gallen\galleza01,23,TOT,14,24,19,2,2,0,0,0,1,0,0,0,8,0.105,0.105,0.105,0.211,-44,2,0,0,5,0,0,1
247,Zac Gallen\galleza01,23,MIA,6,11,10,1,1,0,0,0,0,0,0,0,5,0.1,0.1,0.1,0.2,-46,1,0,0,1,0,0,/1
248,Zac Gallen\galleza01,23,ARI,8,13,9,1,1,0,0,0,1,0,0,0,3,0.111,0.111,0.111,0.222,-42,1,0,0,4,0,0,/1
249,Isaac Galloway\gallois01,29,MIA,19,54,54,6,9,1,0,0,1,2,0,0,17,0.167,0.167,0.185,0.352,-6,10,0,0,0,0,0,29068
250,Freddy Galvis#\galvifr01,29,CIN,32,116,107,12,25,4,0,5,16,0,1,7,33,0.234,0.284,0.411,0.696,76,44,3,1,0,1,0,43561
251,Ben Gamel*\gamelbe01,27,MIL,134,356,311,47,77,18,0,7,33,2,2,40,104,0.248,0.337,0.373,0.71,85,116,0,3,0,2,2,798
252,John Gant\gantjo01,26,STL,60,3,3,0,0,0,0,0,0,0,0,0,2,0,0,0,0,-100,0,0,0,0,0,0,1
253,Aramis Garcia\garciar01,26,SFG,18,46,42,5,6,1,0,2,5,0,0,4,21,0.143,0.217,0.31,0.527,39,13,1,0,0,0,1,43499
254,Edgar Garcia\garcied01,22,PHI,35,0,0,0,0,0,0,0,0,0,0,0,0,,,,,,0,0,0,0,0,0,1
255,Greg Garcia*\garcigr01,29,SDP,134,372,311,52,77,13,4,4,31,0,2,53,83,0.248,0.364,0.354,0.718,94,110,4,5,1,2,1,45/63D7
256,Jarlin Garcia*\garcija04,26,MIA,51,1,1,0,0,0,0,0,0,0,0,0,1,0,0,0,0,-100,0,0,0,0,0,0,1
257,Rico Garcia\garciri01,25,COL,2,1,1,0,0,0,0,0,0,0,0,0,1,0,0,0,0,-100,0,0,0,0,0,0,/1
258,Robel Garcia#\garciro02,26,CHC,31,80,72,8,15,2,2,5,11,0,0,7,35,0.208,0.275,0.5,0.775,94,36,2,0,0,1,0,4/7D9
259,Yimi Garcia\garciyi01,28,LAD,61,2,2,0,0,0,0,0,0,0,0,0,1,0,0,0,0,-100,0,1,0,0,0,0,1
260,Kyle Garlick\garliky01,27,LAD,30,53,48,8,12,4,0,3,6,0,0,5,19,0.25,0.321,0.521,0.842,118,25,0,0,0,0,1,43655
261,Amir Garrett\garream01,27,CIN,64,0,0,0,0,0,0,0,0,0,0,0,0,,,,,,0,0,0,0,0,0,1
262,Kevin Gausman*\gausmke01,28,TOT,30,27,27,1,1,0,0,0,0,0,0,0,18,0.037,0.037,0.037,0.074,-81,1,1,0,0,0,0,1
263,Kevin Gausman*\gausmke01,28,ATL,16,27,27,1,1,0,0,0,0,0,0,0,18,0.037,0.037,0.037,0.074,-81,1,1,0,0,0,0,1
264,Kevin Gausman*\gausmke01,28,CIN,14,0,0,0,0,0,0,0,0,0,0,0,0,,,,,,0,0,0,0,0,0,1
265,Scooter Gennett*\gennesc01,29,TOT,42,139,133,15,30,7,0,2,11,0,0,2,41,0.226,0.245,0.323,0.568,47,43,1,2,0,2,0,4
266,Scooter Gennett*\gennesc01,29,CIN,21,72,69,4,15,3,0,0,5,0,0,1,20,0.217,0.236,0.261,0.497,28,18,0,1,0,1,0,4
267,Scooter Gennett*\gennesc01,29,SFG,21,67,64,11,15,4,0,2,6,0,0,1,21,0.234,0.254,0.391,0.644,69,25,1,1,0,1,0,4
268,Mike Gerber*\gerbemi01,26,SFG,12,26,24,0,1,1,0,0,0,0,0,2,15,0.042,0.115,0.083,0.199,-45,2,0,0,0,0,0,/79
269,Kevin Ginkel*\ginkeke01,25,ARI,25,0,0,0,0,0,0,0,0,0,0,0,0,,,,,,0,0,0,0,0,0,1
270,Zack Godley\godleza01,29,ARI,23,22,18,3,3,0,0,0,2,0,0,3,9,0.167,0.286,0.167,0.452,23,3,0,0,1,0,0,1
271,Paul Goldschmidt\goldspa01,31,STL,161,682,597,97,155,25,1,34,97,3,1,78,166,0.26,0.346,0.476,0.821,113,284,11,2,0,3,2,*3
272,Yan Gomes\gomesya01,31,WSN,97,358,314,36,70,16,0,12,43,2,0,38,84,0.223,0.316,0.389,0.704,78,122,7,5,0,1,6,43499
273,Carlos Gomez\gomezca01,33,NYM,34,99,86,10,17,3,0,3,10,4,1,7,30,0.198,0.278,0.337,0.616,66,29,3,3,2,1,0,87/9
274,Tony Gonsolin\gonsoto01,25,LAD,10,14,13,2,4,0,0,0,1,0,0,0,4,0.308,0.308,0.308,0.615,65,4,0,0,1,0,0,1
275,Carlos Gonzalez*\gonzaca01,33,CHC,15,49,40,8,7,2,0,1,3,0,2,8,19,0.175,0.306,0.3,0.606,59,12,1,0,0,1,1,43715
276,Chi Chi Gonzalez\gonzach01,27,COL,13,24,24,0,1,0,0,0,2,0,0,0,15,0.042,0.042,0.042,0.083,-80,1,0,0,0,0,0,1
277,Erik Gonzalez\gonzaer01,27,PIT,53,156,142,15,36,4,1,1,6,4,1,9,37,0.254,0.301,0.317,0.618,65,45,5,1,3,1,3,65/78
278,Gio Gonzalez\gonzagi01,33,MIL,18,28,25,1,1,0,0,0,0,0,0,1,17,0.04,0.077,0.04,0.117,-68,1,0,0,2,0,0,1
279,Phil Gosselin\gosseph01,30,PHI,44,68,65,5,17,3,0,0,7,0,0,3,16,0.262,0.294,0.308,0.602,57,20,1,0,0,0,0,/765
280,Trevor Gott\gotttr01,26,SFG,48,1,1,0,0,0,0,0,0,0,0,0,0,0,0,0,0,-100,0,0,0,0,0,0,1
281,Matt Grace*\gracema02,30,WSN,50,3,3,0,0,0,0,0,0,0,0,0,3,0,0,0,0,-100,0,0,0,0,0,0,1
282,Yasmani Grandal#\grandya01,30,MIL,153,632,513,79,126,26,2,28,77,5,1,109,139,0.246,0.38,0.468,0.848,119,240,16,5,0,5,2,*23/D
283,Curtis Granderson*\grandcu01,38,MIA,138,363,317,44,58,17,1,12,34,0,3,41,98,0.183,0.281,0.356,0.637,69,113,3,3,0,2,1,7/9D
284,Juan Graterol\grateju01,30,CIN,6,18,18,1,4,0,0,0,1,0,0,0,4,0.222,0.222,0.222,0.444,16,4,0,0,0,0,0,/2
285,Jon Gray\grayjo02,27,COL,27,59,47,1,3,0,0,0,1,0,0,3,22,0.064,0.12,0.064,0.184,-53,3,2,0,9,0,0,1
286,Sonny Gray\grayso01,29,CIN,32,60,46,3,7,0,1,0,3,0,0,2,19,0.152,0.188,0.196,0.383,-1,9,0,0,12,0,0,1
287,Zach Green\greenza01,25,SFG,8,16,14,1,2,1,0,0,1,0,0,2,6,0.143,0.25,0.214,0.464,27,3,2,0,0,0,0,/5
288,Shane Greene\greensh02,30,ATL,24,0,0,0,0,0,0,0,0,0,0,0,0,,,,,,0,0,0,0,0,0,1
289,Luke Gregerson*\gregelu01,35,STL,6,0,0,0,0,0,0,0,0,0,0,0,0,,,,,,0,0,0,0,0,0,/1
290,Zack Greinke\greinza01,35,ARI,24,54,48,7,13,4,1,3,8,1,0,2,11,0.271,0.3,0.583,0.883,121,28,2,0,4,0,0,1
291,Trent Grisham*\grishtr01,22,MIL,51,183,156,24,36,6,2,6,24,1,0,20,48,0.231,0.328,0.41,0.738,90,64,3,4,0,3,0,879
292,Deivy Grullon\grullde01,23,PHI,4,9,9,0,1,1,0,0,1,0,0,0,2,0.111,0.111,0.222,0.333,-17,2,1,0,0,0,0,/2D
293,Robert Gsellman\gsellro01,25,NYM,50,1,0,0,0,0,0,0,0,0,0,1,0,,1,,,,0,0,0,0,0,0,1
294,Deolis Guerra\guerrde01,30,MIL,1,0,0,0,0,0,0,0,0,0,0,0,0,,,,,,0,0,0,0,0,0,/1
295,Javy Guerra\guerrja01,33,WSN,33,5,3,0,0,0,0,0,0,0,0,0,2,0,0,0,0,-100,0,0,0,2,0,0,1
296,Javy Guerra*\guerrja02,23,SDP,8,0,0,0,0,0,0,0,0,0,0,0,0,,,,,,0,0,0,0,0,0,/1
297,Junior Guerra\guerrju02,34,MIL,65,3,3,0,1,0,0,0,0,0,0,0,2,0.333,0.333,0.333,0.667,75,1,0,0,0,0,0,1
298,Tayron Guerrero\guerrta01,28,MIA,48,0,0,0,0,0,0,0,0,0,0,0,0,,,,,,0,0,0,0,0,0,1
299,Luis Guillorme*\guilllu01,24,NYM,45,70,61,8,15,4,0,1,3,0,0,7,14,0.246,0.324,0.361,0.684,85,22,2,0,2,0,0,/465D
300,Jandel Gustave\gustaja01,26,SFG,20,1,1,0,0,0,0,0,0,0,0,0,1,0,0,0,0,-100,0,0,0,0,0,0,1
301,Jedd Gyorko\gyorkje01,30,TOT,62,101,92,6,16,1,0,2,9,2,0,9,24,0.174,0.248,0.25,0.498,33,23,3,0,0,0,0,5/34D1
302,Jedd Gyorko\gyorkje01,30,STL,38,62,56,5,11,0,0,2,7,2,0,6,14,0.196,0.274,0.304,0.578,52,17,1,0,0,0,0,5/431
303,Jedd Gyorko\gyorkje01,30,LAD,24,39,36,1,5,1,0,0,2,0,0,3,10,0.139,0.205,0.167,0.372,1,6,2,0,0,0,0,/534D
304,Josh Hader*\haderjo01,25,MIL,56,2,2,0,0,0,0,0,0,0,0,0,1,0,0,0,0,-100,0,0,0,0,0,0,1
305,Sam Haggerty#\haggesa01,25,NYM,11,4,4,2,0,0,0,0,0,0,0,0,3,0,0,0,0,-100,0,0,0,0,0,0,/49
306,Cole Hamels*\hamelco01,35,CHC,24,46,42,1,6,1,0,0,4,0,0,1,15,0.143,0.178,0.167,0.344,-10,7,2,1,1,1,0,1
307,Billy Hamilton#\hamilbi02,28,ATL,26,48,41,9,11,2,0,0,3,4,1,7,13,0.268,0.375,0.317,0.692,81,13,0,0,0,0,1,8
308,J.D. Hammer\hammejd01,24,PHI,20,1,1,0,0,0,0,0,0,0,0,0,0,0,0,0,0,-100,0,0,0,0,0,0,1
309,Garrett Hampson\hampsga01,24,COL,105,327,299,40,74,9,4,8,27,15,3,24,88,0.247,0.302,0.385,0.686,66,115,2,0,2,2,1,486/7
310,Ian Happ#\happia01,24,CHC,58,156,140,25,37,7,1,11,30,2,0,15,39,0.264,0.333,0.564,0.898,126,79,1,0,0,1,0,748/593
311,Bryce Harper*\harpebr03,26,PHI,157,682,573,98,149,36,1,35,114,15,3,99,178,0.26,0.372,0.51,0.882,125,292,10,6,0,4,11,*9/D
312,Donnie Hart*\hartdo01,28,TOT,5,2,2,0,0,0,0,0,0,0,0,0,1,0,0,0,0,-100,0,0,0,0,0,0,/1
313,Donnie Hart*\hartdo01,28,MIL,4,1,1,0,0,0,0,0,0,0,0,0,0,0,0,0,0,-100,0,0,0,0,0,0,/1
314,Donnie Hart*\hartdo01,28,NYM,1,1,1,0,0,0,0,0,0,0,0,0,1,0,0,0,0,-100,0,0,0,0,0,0,/1
315,Geoff Hartlieb\hartlge01,25,PIT,27,0,0,0,0,0,0,0,0,0,0,0,0,,,,,,0,0,0,0,0,0,1
316,Joe Harvey\harvejo01,27,COL,9,0,0,0,0,0,0,0,0,0,0,0,0,,,,,,0,0,0,0,0,0,/1
317,Adam Haseley*\haselad01,23,PHI,67,242,222,30,59,14,0,5,26,4,0,14,60,0.266,0.324,0.396,0.72,85,88,7,5,1,0,1,879
318,Adeiny Hechavarria\hechaad01,30,TOT,84,221,203,34,49,12,1,9,33,3,1,14,48,0.241,0.299,0.443,0.742,93,90,3,3,0,1,0,46/5D
319,Adeiny Hechavarria\hechaad01,30,NYM,60,151,142,20,29,7,0,5,18,3,1,8,33,0.204,0.252,0.359,0.611,62,51,2,1,0,0,0,46/5
320,Adeiny Hechavarria\hechaad01,30,ATL,24,70,61,14,20,5,1,4,15,0,0,6,15,0.328,0.4,0.639,1.039,159,39,1,2,0,1,0,6/45D
321,Austin Hedges\hedgeau01,26,SDP,102,347,312,28,55,9,0,11,36,1,0,27,109,0.176,0.252,0.311,0.563,49,97,3,5,2,1,3,43501
322,Tyler Heineman#\heinety01,28,MIA,5,12,11,1,3,1,0,1,2,0,0,0,4,0.273,0.273,0.636,0.909,131,7,0,0,1,0,0,/2
323,Jeremy Hellickson\hellije01,32,WSN,9,13,9,3,1,0,0,0,0,0,0,2,4,0.111,0.273,0.111,0.384,5,1,0,0,2,0,0,/1
324,Ryan Helsley\helslry01,24,STL,24,3,3,0,1,0,0,0,0,0,0,0,2,0.333,0.333,0.333,0.667,77,1,0,0,0,0,0,1
325,Kyle Hendricks\hendrky01,29,CHC,29,64,54,1,8,1,0,0,5,0,0,2,29,0.148,0.193,0.167,0.36,-5,9,1,1,7,0,0,1
326,Jimmy Herget\hergeji01,25,CIN,5,0,0,0,0,0,0,0,0,0,0,0,0,,,,,,0,0,0,0,0,0,/1
327,Cesar Hernandez#\hernace02,29,PHI,161,667,612,77,171,31,3,14,71,9,2,45,100,0.279,0.333,0.408,0.741,91,250,9,6,0,4,4,*4
328,David Hernandez\hernada01,34,CIN,44,0,0,0,0,0,0,0,0,0,0,0,0,,,,,,0,0,0,0,0,0,1
329,Elieser Hernandez\hernael01,24,MIA,20,24,19,0,1,0,0,0,0,0,0,1,10,0.053,0.1,0.053,0.153,-57,1,0,0,4,0,0,1
330,Enrique Hernandez\hernaen02,27,LAD,130,460,414,57,98,19,1,17,64,4,0,36,97,0.237,0.304,0.411,0.715,87,170,9,6,0,4,3,48967/35
331,Odubel Herrera*\herreod01,27,PHI,39,139,126,12,28,10,1,1,16,2,2,11,33,0.222,0.288,0.341,0.629,62,43,0,1,0,1,0,8
332,Rosell Herrera#\herrero02,26,MIA,63,119,105,10,21,6,0,2,11,4,1,11,27,0.2,0.288,0.314,0.602,62,33,2,2,1,0,1,897/456
333,Jason Heyward*\heywaja01,29,CHC,147,589,513,78,129,20,4,21,62,8,3,68,110,0.251,0.343,0.429,0.772,98,220,12,5,0,3,5,*98
334,Jordan Hicks\hicksjo03,22,STL,28,0,0,0,0,0,0,0,0,0,0,0,0,,,,,,0,0,0,0,0,0,1
335,Rich Hill*\hillri01,39,LAD,11,20,18,0,3,1,0,0,1,0,0,1,9,0.167,0.211,0.222,0.433,15,4,0,0,1,0,0,1
336,Sam Hilliard*\hillisa01,25,COL,27,87,77,13,21,4,2,7,13,2,0,9,23,0.273,0.356,0.649,1.006,136,50,1,1,0,0,0,35643
337,Yoshihisa Hirano\hiranyo01,35,ARI,56,0,0,0,0,0,0,0,0,0,0,0,0,,,,,,0,0,0,0,0,0,1
338,Keston Hiura\hiurake01,22,MIL,84,348,314,51,95,23,2,19,49,9,3,25,107,0.303,0.368,0.57,0.938,138,179,6,8,0,1,1,4
339,Nico Hoerner\hoernni01,22,CHC,20,82,78,13,22,1,1,3,17,0,0,3,11,0.282,0.305,0.436,0.741,88,34,3,0,0,1,1,17685
340,Jeff Hoffman\hoffmje02,26,COL,18,24,21,2,5,0,0,0,1,0,0,0,9,0.238,0.238,0.238,0.476,17,5,0,0,3,0,0,1
341,Bryan Holaday\holadbr01,31,MIA,43,129,115,12,32,6,0,4,12,0,1,11,21,0.278,0.344,0.435,0.779,107,50,5,1,1,1,2,43497
342,Derek Holland#\hollade01,32,TOT,52,16,14,0,1,0,0,0,0,0,0,1,10,0.071,0.133,0.071,0.205,-43,1,0,0,1,0,0,1
343,Derek Holland#\hollade01,32,SFG,32,13,12,0,1,0,0,0,0,0,0,0,8,0.083,0.083,0.083,0.167,-55,1,0,0,1,0,0,1
344,Derek Holland#\hollade01,32,CHC,20,3,2,0,0,0,0,0,0,0,0,1,2,0,0.333,0,0.333,0,0,0,0,0,0,0,1
345,Greg Holland\hollagr01,33,ARI,39,0,0,0,0,0,0,0,0,0,0,0,0,,,,,,0,0,0,0,0,0,1
346,Clay Holmes\holmecl01,26,PIT,32,5,5,0,0,0,0,0,0,0,0,0,4,0,0,0,0,-100,0,0,0,0,0,0,1
347,Rhys Hoskins\hoskirh01,26,PHI,160,705,570,86,129,33,5,29,85,2,2,116,173,0.226,0.364,0.454,0.819,110,259,10,11,0,6,6,*3/D
348,Eric Hosmer*\hosmeer01,29,SDP,160,667,619,72,164,29,2,22,99,0,3,40,163,0.265,0.31,0.425,0.735,93,263,12,3,0,5,3,*3/D
349,Adrian Houser\housead01,26,MIL,32,27,22,0,1,1,0,0,0,0,0,2,17,0.045,0.125,0.091,0.216,-42,2,0,0,3,0,0,1
350,Sam Howard\howarsa01,26,COL,19,1,1,0,0,0,0,0,0,0,0,0,1,0,0,0,0,-100,0,0,0,0,0,0,1
351,Dakota Hudson\hudsoda02,24,STL,30,59,51,1,4,0,0,0,2,0,0,0,24,0.078,0.096,0.078,0.175,-53,4,1,1,7,0,0,1
352,Daniel Hudson\hudsoda01,32,WSN,23,0,0,0,0,0,0,0,0,0,0,0,0,,,,,,0,0,0,0,0,0,1
353,Joe Hudson\hudsojo03,28,STL,1,1,1,0,0,0,0,0,0,0,0,0,1,0,0,0,0,-100,0,0,0,0,0,0,
354,Jared Hughes\hugheja02,33,TOT,66,2,2,0,0,0,0,0,0,0,0,0,1,0,0,0,0,-100,0,0,0,0,0,0,1
355,Jared Hughes\hugheja02,33,CIN,44,2,2,0,0,0,0,0,0,0,0,0,1,0,0,0,0,-100,0,0,0,0,0,0,1
356,Jared Hughes\hugheja02,33,PHI,22,0,0,0,0,0,0,0,0,0,0,0,0,,,,,,0,0,0,0,0,0,1
357,Danny Hultzen*\hultzda01,29,CHC,6,0,0,0,0,0,0,0,0,0,0,0,0,,,,,,0,0,0,0,0,0,/1
358,Tommy Hunter\hunteto02,32,PHI,5,0,0,0,0,0,0,0,0,0,0,0,0,,,,,,0,0,0,0,0,0,/1
359,Chris Iannetta\iannech01,36,COL,52,164,144,20,32,10,0,6,21,0,0,18,54,0.222,0.311,0.417,0.728,75,60,9,1,0,1,3,2/D
360,Jose Iglesias\iglesjo01,29,CIN,146,530,504,62,145,21,3,11,59,6,6,20,70,0.288,0.318,0.407,0.724,85,205,17,3,1,2,3,*6
361,Raisel Iglesias\iglesra01,29,CIN,64,2,2,0,0,0,0,0,0,0,0,0,1,0,0,0,0,-100,0,0,0,0,0,0,1
362,Ender Inciarte*\inciaen01,28,ATL,65,230,199,30,49,11,2,5,24,7,1,26,41,0.246,0.343,0.397,0.74,89,79,1,4,0,1,2,8
363,Cole Irvin*\irvinco01,25,PHI,14,8,6,1,1,0,0,0,0,0,0,2,2,0.167,0.375,0.167,0.542,50,1,0,0,0,0,0,1
364,Alex Jackson\jacksal02,23,ATL,4,15,13,0,0,0,0,0,0,0,0,1,5,0,0.133,0,0.133,-60,0,1,1,0,0,1,/2
365,Jay Jackson\jacksja01,31,MIL,27,2,2,0,0,0,0,0,0,0,0,0,2,0,0,0,0,-100,0,0,0,0,0,0,1
366,Luke Jackson\jackslu01,27,ATL,66,0,0,0,0,0,0,0,0,0,0,0,0,,,,,,0,0,0,0,0,0,1
367,Travis Jankowski*\jankotr01,28,SDP,25,24,22,4,4,0,0,0,0,2,2,2,4,0.182,0.25,0.182,0.432,19,4,0,0,0,0,0,/897
368,Kenley Jansen#\janseke01,31,LAD,59,1,1,0,0,0,0,0,0,0,0,0,1,0,0,0,0,-100,0,0,0,0,0,0,1
369,Jeremy Jeffress\jeffrje01,31,MIL,45,1,1,0,0,0,0,0,0,0,0,0,1,0,0,0,0,-100,0,0,0,0,0,0,1
370,Dan Jennings*\jennida01,32,WSN,8,0,0,0,0,0,0,0,0,0,0,0,0,,,,,,0,0,0,0,0,0,/1
371,Williams Jerez*\jerezwi01,27,TOT,12,0,0,0,0,0,0,0,0,0,0,0,0,,,,,,0,0,0,0,0,0,1
372,Williams Jerez*\jerezwi01,27,SFG,6,0,0,0,0,0,0,0,0,0,0,0,0,,,,,,0,0,0,0,0,0,/1
373,Williams Jerez*\jerezwi01,27,PIT,6,0,0,0,0,0,0,0,0,0,0,0,0,,,,,,0,0,0,0,0,0,/1
374,Connor Joe\joeco01,26,SFG,8,16,15,1,1,0,0,0,0,0,0,1,5,0.067,0.125,0.067,0.192,-46,1,1,0,0,0,0,/7
375,DJ Johnson*\johnsdj01,29,COL,27,0,0,0,0,0,0,0,0,0,0,0,0,,,,,,0,0,0,0,0,0,1
376,Adam Jones\jonesad01,33,ARI,137,528,485,66,126,25,1,16,67,2,1,31,101,0.26,0.313,0.414,0.728,87,201,15,8,0,3,2,*9/8
377,Caleb Joseph\josepca01,33,ARI,20,41,38,5,8,2,0,0,3,0,0,1,10,0.211,0.25,0.263,0.513,34,10,0,1,1,0,0,43497
378,Corban Joseph*\josepco01,30,TOT,17,28,27,1,3,1,0,0,2,0,0,1,7,0.111,0.143,0.148,0.291,-22,4,0,0,0,0,0,/459
379,Corban Joseph*\josepco01,30,SFG,8,17,16,0,1,0,0,0,2,0,0,1,6,0.063,0.118,0.063,0.18,-49,1,0,0,0,0,0,/45
380,Corban Joseph*\josepco01,30,PIT,9,11,11,1,2,1,0,0,0,0,0,0,1,0.182,0.182,0.273,0.455,18,3,0,0,0,0,0,/49
381,Matthew Joyce*\joycema01,34,ATL,129,238,200,32,59,10,0,7,23,0,0,38,45,0.295,0.408,0.45,0.858,120,90,3,0,0,0,0,9/D7
382,Jung Ho Kang\kangju01,32,PIT,65,185,172,15,29,7,1,10,24,0,0,11,60,0.169,0.222,0.395,0.617,58,68,4,1,0,1,0,56
383,Keone Kela\kelake01,26,PIT,29,0,0,0,0,0,0,0,0,0,0,0,0,,,,,,0,0,0,0,0,0,1
384,Kyle Keller\kelleky01,26,MIA,9,0,0,0,0,0,0,0,0,0,0,0,0,,,,,,0,0,0,0,0,0,1
385,Mitch Keller\kellemi03,23,PIT,10,11,10,0,0,0,0,0,0,0,0,0,3,0,0,0,0,-100,0,1,0,1,0,0,1
386,Carson Kelly\kellyca02,24,ARI,111,365,314,46,77,19,0,18,47,0,0,48,79,0.245,0.348,0.478,0.826,112,150,11,2,0,1,10,43501
387,Joe Kelly\kellyjo05,31,LAD,52,3,2,0,0,0,0,0,0,0,0,0,2,0,0,0,0,-100,0,0,0,1,0,0,1
388,Merrill Kelly\kellyme01,30,ARI,30,60,52,3,1,0,0,0,2,0,0,2,25,0.019,0.056,0.019,0.075,-79,1,2,0,6,0,0,1
389,Matt Kemp\kempma01,34,CIN,20,62,60,4,12,2,0,1,5,0,0,1,19,0.2,0.21,0.283,0.493,25,17,2,0,0,1,0,7
390,Tony Kemp*\kempto01,27,CHC,44,93,82,8,15,3,2,1,12,0,1,7,18,0.183,0.258,0.305,0.563,45,25,2,2,0,2,0,4/798
391,Howie Kendrick\kendrho01,35,WSN,121,370,334,61,115,23,1,17,62,2,1,27,49,0.344,0.395,0.572,0.966,142,191,11,4,0,5,1,345/D
392,Clayton Kershaw*\kershcl01,31,LAD,28,65,49,1,5,1,0,0,1,0,0,1,16,0.102,0.12,0.122,0.242,-35,6,0,0,15,0,0,1
393,Dallas Keuchel*\keuchda01,31,ATL,19,41,38,0,5,1,0,0,2,0,0,1,28,0.132,0.154,0.158,0.312,-20,6,0,0,2,0,0,1
394,Carter Kieboom\kieboca01,21,WSN,11,43,39,4,5,0,0,2,2,0,0,4,16,0.128,0.209,0.282,0.491,24,11,0,0,0,0,1,6
395,Craig Kimbrel\kimbrcr01,31,CHC,22,0,0,0,0,0,0,0,0,0,0,0,0,,,,,,0,0,0,0,0,0,1
396,Scott Kingery\kingesc01,25,PHI,126,500,458,64,118,34,4,19,55,15,4,34,147,0.258,0.315,0.474,0.788,100,217,3,5,1,2,1,85647/9
397,Nick Kingham\kinghni01,27,PIT,13,8,6,0,0,0,0,0,0,0,0,2,4,0,0.25,0,0.25,-23,0,0,0,0,0,0,1
398,Tyler Kinley\kinlety01,28,MIA,49,1,1,0,0,0,0,0,0,0,0,0,1,0,0,0,0,-100,0,0,0,0,0,0,1
399,Ian Kinsler\kinslia01,37,SDP,87,281,258,28,56,12,0,9,22,2,4,19,54,0.217,0.278,0.368,0.646,70,95,5,3,0,1,0,43556
400,Brandon Kintzler\kintzbr01,34,CHC,58,0,0,0,0,0,0,0,0,0,0,0,0,,,,,,0,0,0,0,0,0,1
401,Andrew Knapp#\knappan01,27,PHI,74,160,136,12,29,9,0,2,8,0,0,18,51,0.213,0.318,0.324,0.642,68,44,2,3,3,0,2,43499
402,Andrew Knizner\kniznan01,24,STL,18,58,53,7,12,2,0,2,7,2,0,4,14,0.226,0.293,0.377,0.67,75,20,3,1,0,0,0,43499
403,Matt Koch*\kochma01,28,ARI,9,6,6,0,0,0,0,0,0,0,0,0,5,0,0,0,0,-100,0,0,0,0,0,0,/1
404,Adam Kolarek*\kolarad01,30,LAD,25,0,0,0,0,0,0,0,0,0,0,0,0,,,,,,0,0,0,0,0,0,43468
405,Kevin Kramer*\krameke01,25,PIT,22,50,42,5,7,1,0,0,5,0,1,6,17,0.167,0.26,0.19,0.45,23,8,0,0,0,2,0,/794
406,Erik Kratz\kratzer01,39,SFG,15,36,32,1,4,2,0,1,3,0,0,2,6,0.125,0.222,0.281,0.503,34,9,0,2,0,0,0,2
407,Joel Kuhnel\kuhnejo01,24,CIN,11,1,1,0,0,0,0,0,0,0,0,0,0,0,0,0,0,-100,0,0,0,0,0,0,1
408,Juan Lagares\lagarju01,30,NYM,133,285,258,38,55,12,1,5,27,4,1,22,75,0.213,0.279,0.326,0.605,63,84,8,2,2,1,4,*8
409,Jake Lamb*\lambja01,28,ARI,78,226,187,26,36,8,2,6,30,1,0,32,55,0.193,0.323,0.353,0.676,76,66,4,5,0,2,1,53/D
410,Peter Lambert\lambepe01,22,COL,21,34,28,3,9,0,0,0,2,0,0,3,10,0.321,0.387,0.321,0.709,77,9,1,0,3,0,0,1
411,Dinelson Lamet\lametdi01,26,SDP,13,24,21,1,3,0,0,0,0,0,0,0,11,0.143,0.143,0.143,0.286,-23,3,0,0,3,0,0,1
412,Eric Lauer\lauerer01,24,SDP,29,48,40,1,4,2,0,0,0,0,0,1,23,0.1,0.122,0.15,0.272,-28,6,0,0,6,0,0,1
413,Ryan Lavarnway\lavarry01,31,CIN,5,19,18,4,5,2,0,2,7,0,0,1,5,0.278,0.316,0.722,1.038,154,13,0,0,0,0,0,/2
414,Mike Leake\leakemi01,31,ARI,10,22,20,0,1,0,0,0,1,0,0,0,11,0.05,0.05,0.05,0.1,-74,1,0,0,2,0,0,1
415,Dominic Leone\leonedo01,27,STL,39,0,0,0,0,0,0,0,0,0,0,0,0,,,,,,0,0,0,0,0,0,1
416,Jon Lester*\lestejo01,35,CHC,28,53,48,6,9,2,0,1,6,0,0,5,20,0.188,0.264,0.292,0.556,44,14,1,0,0,0,0,1
417,Domingo Leyba#\leybado01,23,ARI,21,30,25,6,7,2,1,0,5,0,0,4,9,0.28,0.367,0.44,0.807,109,11,0,0,0,1,0,/465
418,Francisco Liriano*\liriafr01,35,PIT,67,2,1,0,1,0,0,0,0,0,0,1,0,1,1,1,2,436,1,0,0,0,0,0,1
419,Tim Locastro\locasti01,26,ARI,91,250,212,38,53,12,2,1,17,17,0,14,44,0.25,0.357,0.34,0.697,84,72,1,22,1,1,0,798
420,Walker Lockett\lockewa01,25,NYM,9,7,6,0,1,0,0,0,0,0,0,1,4,0.167,0.286,0.167,0.452,28,1,0,0,0,0,0,/1
421,Evan Longoria\longoev01,33,SFG,129,508,453,59,115,19,2,20,69,3,1,43,112,0.254,0.325,0.437,0.762,102,198,14,7,0,5,1,*5
422,Pablo Lopez*\lopezpa01,23,MIA,21,36,35,1,6,2,0,0,3,0,0,0,19,0.171,0.171,0.229,0.4,6,8,0,0,1,0,0,1
423,Yoan Lopez\lopezyo01,26,ARI,65,0,0,0,0,0,0,0,0,0,0,0,0,,,,,,0,0,0,0,0,0,1
424,Michael Lorenzen\lorenmi01,27,CIN,100,53,48,6,10,2,0,1,6,5,2,5,17,0.208,0.283,0.313,0.596,54,15,1,0,0,0,0,18/79
425,Aaron Loup*\loupaa01,31,SDP,4,0,0,0,0,0,0,0,0,0,0,0,0,,,,,,0,0,0,0,0,0,/1
426,Jed Lowrie#\lowrije01,35,NYM,9,8,7,0,0,0,0,0,0,0,0,1,4,0,0.125,0,0.125,-61,0,0,0,0,0,0,
427,Joey Lucchesi*\lucchjo01,26,SDP,28,54,48,0,3,0,0,0,1,0,0,1,36,0.063,0.082,0.063,0.144,-60,3,0,0,5,0,0,1
428,Jonathan Lucroy\lucrojo01,33,CHC,27,60,53,2,10,2,0,1,6,0,0,6,12,0.189,0.283,0.283,0.566,48,15,2,1,0,0,1,43499
429,Seth Lugo\lugose01,29,NYM,57,1,1,0,1,0,0,0,1,0,0,0,0,1,1,1,2,446,1,0,0,0,0,0,1
430,Gavin Lux*\luxga01,21,LAD,23,82,75,12,18,4,1,2,9,2,0,7,24,0.24,0.305,0.4,0.705,85,30,0,0,0,0,0,4/D
431,Jordan Lyles\lylesjo01,28,TOT,26,48,45,3,4,0,0,0,4,0,0,1,28,0.089,0.128,0.089,0.217,-41,4,1,1,1,0,0,1
432,Jordan Lyles\lylesjo01,28,PIT,16,26,25,1,2,0,0,0,2,0,0,0,16,0.08,0.115,0.08,0.195,-46,2,1,1,0,0,0,1
433,Jordan Lyles\lylesjo01,28,MIL,10,22,20,2,2,0,0,0,2,0,0,1,12,0.1,0.143,0.1,0.243,-35,2,0,0,1,0,0,1
434,Tyler Lyons*\lyonsty01,31,PIT,3,1,1,0,0,0,0,0,0,0,0,0,0,0,0,0,0,-100,0,0,0,0,0,0,/1
435,Manny Machado\machama01,26,SDP,156,661,587,81,150,21,2,32,85,5,3,65,128,0.256,0.334,0.462,0.796,109,271,24,6,0,3,3,*56
436,Kenta Maeda\maedake01,31,LAD,38,61,48,3,12,2,0,0,6,0,0,0,13,0.25,0.25,0.292,0.542,43,14,0,0,13,0,0,1
437,Tyler Mahle\mahlety01,24,CIN,24,41,34,4,3,1,0,0,0,0,0,1,19,0.088,0.114,0.118,0.232,-40,4,0,0,6,0,0,1
438,Martin Maldonado\maldoma01,32,CHC,4,13,11,0,0,0,0,0,0,0,0,2,5,0,0.154,0,0.154,-54,0,0,0,0,0,1,/2
439,Dillon Maples\mapledi01,27,CHC,12,0,0,0,0,0,0,0,0,0,0,0,0,,,,,,0,0,0,0,0,0,1
440,Nick Margevicius*\margeni01,23,SDP,17,17,15,1,3,0,0,0,0,0,0,0,7,0.2,0.2,0.2,0.4,8,3,0,0,2,0,0,1
441,Manuel Margot\margoma01,24,SDP,151,441,398,59,93,19,3,12,37,20,4,38,88,0.234,0.304,0.387,0.691,83,154,6,2,3,0,1,*8
442,Nick Markakis*\markani01,35,ATL,116,469,414,61,118,25,2,9,62,2,0,47,59,0.285,0.356,0.42,0.776,98,174,11,2,0,6,1,*9/7D
443,Parker Markel\markepa01,28,PIT,15,3,3,0,0,0,0,0,0,0,0,0,1,0,0,0,0,-100,0,0,0,0,0,0,1
444,German Marquez\marquge01,24,COL,25,58,48,5,11,4,1,0,11,0,0,0,14,0.229,0.229,0.354,0.583,39,17,1,0,10,0,0,1
445,Deven Marrero\marrede01,28,MIA,5,5,5,0,0,0,0,0,0,0,0,0,3,0,0,0,0,-100,0,0,0,0,0,0,/65
446,Ketel Marte#\marteke01,25,ARI,144,628,569,97,187,36,9,32,92,10,2,53,86,0.329,0.389,0.592,0.981,149,337,7,4,0,2,2,846
447,Starling Marte\martest01,30,PIT,132,586,539,97,159,31,6,23,82,25,6,25,94,0.295,0.342,0.503,0.845,120,271,15,16,2,4,1,*8
448,Chris Martin\martich02,33,ATL,16,0,0,0,0,0,0,0,0,0,0,0,0,,,,,,0,0,0,0,0,0,1
449,Jason Martin*\martija03,23,PIT,20,40,36,5,9,2,0,0,2,2,0,4,10,0.25,0.325,0.306,0.631,70,11,0,0,0,0,0,43654
450,Russell Martin\martiru01,36,LAD,83,249,209,29,46,5,0,6,20,1,0,30,60,0.22,0.337,0.33,0.667,79,69,1,8,0,2,3,18660
451,Carlos Martinez\martica04,27,STL,43,1,1,0,0,0,0,0,0,0,0,0,1,0,0,0,0,-100,0,0,0,0,0,0,1
452,Jose Martinez\martijo08,30,STL,128,373,334,45,90,13,2,10,42,3,0,35,82,0.269,0.34,0.41,0.751,97,137,14,2,0,2,0,9/D7
453,Nick Martini*\martini02,29,SDP,26,96,82,7,20,4,1,0,5,0,0,12,21,0.244,0.344,0.317,0.661,79,26,0,1,0,1,0,7
454,James Marvel\marveja01,25,PIT,4,4,4,0,0,0,0,0,0,0,0,0,2,0,0,0,0,-100,0,0,0,0,0,0,/1
455,Phil Maton\matonph01,26,SDP,18,4,4,0,1,0,0,0,1,0,0,0,2,0.25,0.25,0.25,0.5,35,1,0,0,0,0,0,1
456,Steven Matz\matzst01,28,NYM,35,61,57,4,13,0,0,1,1,0,0,0,17,0.228,0.228,0.281,0.509,37,16,0,0,4,0,0,1
457,Dustin May\maydu01,21,LAD,13,11,11,0,1,0,0,0,0,0,0,0,4,0.091,0.091,0.091,0.182,-51,1,0,0,0,0,0,1
458,Mike Mayers\mayermi01,27,STL,15,1,1,0,0,0,0,0,0,0,0,0,1,0,0,0,0,-100,0,0,0,0,0,0,1
459,Chris Mazza\mazzach01,29,NYM,8,3,3,0,0,0,0,0,0,0,0,0,1,0,0,0,0,-100,0,0,0,0,0,0,/1
460,Brian McCann*\mccanbr01,35,ATL,85,316,277,28,69,9,0,12,45,0,0,31,53,0.249,0.323,0.412,0.734,86,114,10,2,0,6,1,2
461,Andrew McCutchen\mccutan01,32,PHI,59,262,219,45,56,12,1,10,29,2,1,43,55,0.256,0.378,0.457,0.834,115,100,1,0,0,0,0,78/D
462,T.J. McFarland*\mcfartj01,30,ARI,47,5,3,0,0,0,0,0,0,0,0,0,3,0,0,0,0,-100,0,0,0,2,0,0,1
463,Jake McGee*\mcgeeja01,32,COL,42,0,0,0,0,0,0,0,0,0,0,0,0,,,,,,0,0,0,0,0,0,1
464,Kyle McGowin\mcgowky01,27,WSN,7,3,3,1,1,0,0,0,0,0,0,0,0,0.333,0.333,0.333,0.667,71,1,0,0,0,0,0,/1
465,Ryan McMahon*\mcmahry01,24,COL,141,539,480,70,120,22,1,24,83,5,1,56,160,0.25,0.329,0.45,0.779,87,216,14,1,1,1,1,*453
466,Jeff McNeil*\mcneije01,27,NYM,133,567,510,83,162,38,1,23,75,5,6,35,75,0.318,0.384,0.531,0.916,144,271,5,21,0,1,2,7945
467,Alex McRae\mcraeal01,26,PIT,11,7,6,0,2,0,0,0,0,0,0,0,3,0.333,0.333,0.333,0.667,79,2,0,0,1,0,0,1
468,Adalberto Mejia\mejiaad01,26,STL,1,0,0,0,0,0,0,0,0,0,0,0,0,,,,,,0,0,0,0,0,0,/1
469,Francisco Mejia#\mejiafr01,23,SDP,79,244,226,27,60,11,2,8,22,1,1,13,56,0.265,0.316,0.438,0.754,98,99,6,4,0,1,1,2/7D
470,Seth Mejias-Brean\mejiase01,28,SDP,14,33,30,3,7,2,0,2,5,0,0,3,9,0.233,0.303,0.5,0.803,108,15,1,0,0,0,0,/365
471,Mark Melancon\melanma01,34,TOT,62,0,0,0,0,0,0,0,0,0,0,0,0,,,,,,0,0,0,0,0,0,1
472,Mark Melancon\melanma01,34,SFG,41,0,0,0,0,0,0,0,0,0,0,0,0,,,,,,0,0,0,0,0,0,1
473,Mark Melancon\melanma01,34,ATL,21,0,0,0,0,0,0,0,0,0,0,0,0,,,,,,0,0,0,0,0,0,1
474,Keury Mella\mellake01,25,CIN,2,1,1,0,0,0,0,0,0,0,0,0,1,0,0,0,0,-100,0,0,0,0,0,0,/1
475,Tim Melville\melviti01,29,COL,7,10,8,0,2,0,0,0,2,0,0,0,3,0.25,0.25,0.25,0.5,23,2,0,0,2,0,0,/1
476,Conner Menez*\menezco01,24,SFG,9,3,3,0,0,0,0,0,0,0,0,0,0,0,0,0,0,-100,0,0,0,0,0,0,/1
477,Miles Mikolas\mikolmi01,30,STL,31,62,59,1,8,1,0,0,2,0,0,0,27,0.136,0.136,0.153,0.288,-24,9,0,0,3,0,0,1
478,Andrew Miller*\millean01,34,STL,67,0,0,0,0,0,0,0,0,0,0,0,0,,,,,,0,0,0,0,0,0,1
479,Brad Miller*\millebr02,29,PHI,66,130,118,22,31,3,1,12,21,1,0,11,35,0.263,0.331,0.61,0.941,135,72,2,1,0,0,0,57/96
480,Justin Miller\milleju02,32,WSN,17,0,0,0,0,0,0,0,0,0,0,0,0,,,,,,0,0,0,0,0,0,1
481,Alec Mills\millsal02,27,CHC,9,12,12,0,1,0,0,0,0,0,0,0,6,0.083,0.083,0.083,0.167,-56,1,0,0,0,0,0,/1
482,A.J. Minter*\minteaj01,25,ATL,35,0,0,0,0,0,0,0,0,0,0,0,0,,,,,,0,0,0,0,0,0,1
483,Yadier Molina\molinya01,36,STL,113,452,419,45,113,24,0,10,57,6,0,23,58,0.27,0.312,0.399,0.711,85,167,14,5,0,5,0,*2/35
484,Mike Montgomery*\montgmi01,29,CHC,18,5,5,0,1,0,0,0,0,0,0,0,2,0.2,0.2,0.2,0.4,4,1,0,0,0,0,0,1
485,Brian Moran*\moranbr01,30,MIA,10,0,0,0,0,0,0,0,0,0,0,0,0,,,,,,0,0,0,0,0,0,1
486,Colin Moran*\moranco01,26,PIT,149,503,466,46,129,30,1,13,80,0,1,30,117,0.277,0.322,0.429,0.751,97,200,13,3,0,4,4,*54/37
487,Adrian Morejon*\morejad01,20,SDP,4,1,1,0,0,0,0,0,0,0,0,0,1,0,0,0,0,-100,0,0,0,0,0,0,/1
488,Adam Morgan*\morgaad01,29,PHI,38,0,0,0,0,0,0,0,0,0,0,0,0,,,,,,0,0,0,0,0,0,1
489,Mike Morin\morinmi01,28,PHI,25,0,0,0,0,0,0,0,0,0,0,0,0,,,,,,0,0,0,0,0,0,1
490,Reyes Moronta\moronre01,26,SFG,52,0,0,0,0,0,0,0,0,0,0,0,0,,,,,,0,0,0,0,0,0,1
491,Logan Morrison*\morrilo01,31,PHI,29,38,35,5,7,1,0,2,3,0,0,3,10,0.2,0.263,0.4,0.663,68,14,1,0,0,0,0,/3D
492,Mike Moustakas*\moustmi01,30,MIL,143,584,523,80,133,30,1,35,87,3,0,53,98,0.254,0.329,0.516,0.845,114,270,12,6,0,2,5,54/D
493,Max Muncy*\muncyma01,28,LAD,141,589,487,101,122,22,1,35,98,4,1,90,149,0.251,0.374,0.515,0.889,133,251,5,8,0,4,1,435
494,Andres Munoz\munozan01,20,SDP,21,0,0,0,0,0,0,0,0,0,0,0,0,,,,,,0,0,0,0,0,0,1
495,Yairo Munoz\munozya01,24,STL,88,181,172,20,46,7,1,2,13,8,3,7,37,0.267,0.298,0.355,0.653,71,61,5,1,0,1,0,5697/84
496,Daniel Murphy*\murphda08,34,COL,132,478,438,56,122,35,1,13,78,1,1,32,74,0.279,0.328,0.452,0.78,87,198,10,2,0,4,1,*3/D4
497,John Ryan Murphy\murphjr01,28,TOT,26,70,63,9,11,3,0,4,7,0,0,6,28,0.175,0.246,0.413,0.659,66,26,0,0,1,0,0,43497
498,John Ryan Murphy\murphjr01,28,ARI,25,69,62,9,11,3,0,4,7,0,0,6,28,0.177,0.25,0.419,0.669,69,26,0,0,1,0,0,43497
499,John Ryan Murphy\murphjr01,28,ATL,1,1,1,0,0,0,0,0,0,0,0,0,0,0,0,0,0,-100,0,0,0,0,0,0,/2
500,Harrison Musgrave*\musgrha01,27,COL,9,0,0,0,0,0,0,0,0,0,0,0,0,,,,,,0,0,0,0,0,0,1
501,Joe Musgrove\musgrjo01,26,PIT,44,61,51,8,8,2,1,0,3,0,0,2,19,0.157,0.189,0.235,0.424,12,12,1,0,8,0,0,1
502,Wil Myers\myerswi01,28,SDP,155,490,435,58,104,22,1,18,53,16,7,51,168,0.239,0.321,0.418,0.739,95,182,12,2,1,1,0,*78/395
503,Josh Naylor*\naylojo01,22,SDP,94,279,253,29,63,15,0,8,32,1,1,25,64,0.249,0.315,0.403,0.719,90,102,4,0,0,1,1,79/D
504,Kristopher Negron\negrokr01,33,LAD,30,57,54,9,14,1,0,2,7,0,1,3,17,0.259,0.298,0.389,0.687,81,21,1,0,0,0,1,/896457
505,Jimmy Nelson\nelsoji02,30,MIL,10,3,3,0,0,0,0,0,0,0,0,0,3,0,0,0,0,-100,0,0,0,0,0,0,1
506,Hector Neris\nerishe01,30,PHI,63,1,1,0,0,0,0,0,0,0,0,0,1,0,0,0,0,-100,0,0,0,0,0,0,1
507,Pat Neshek#\neshepa01,38,PHI,20,0,0,0,0,0,0,0,0,0,0,0,0,,,,,,0,0,0,0,0,0,1
508,Dovydas Neverauskas\neverdo01,26,PIT,10,0,0,0,0,0,0,0,0,0,0,0,0,,,,,,0,0,0,0,0,0,1
509,Sean Newcomb*\newcose01,26,ATL,52,8,8,0,0,0,0,0,0,0,0,0,7,0,0,0,0,-100,0,0,0,0,0,0,1
510,Kevin Newman\newmake01,25,PIT,130,531,493,61,152,20,6,12,64,16,8,28,62,0.308,0.353,0.446,0.8,111,220,5,7,2,1,2,64/57
511,Juan Nicasio\nicasju01,32,PHI,45,2,2,0,0,0,0,0,0,0,0,0,1,0,0,0,0,-100,0,0,0,0,0,0,1
512,Tomas Nido\nidoto01,25,NYM,50,144,136,9,26,5,0,4,14,0,0,7,37,0.191,0.231,0.316,0.547,46,43,4,0,1,0,2,2
513,Brandon Nimmo*\nimmobr01,26,NYM,69,254,199,34,44,11,1,8,29,3,0,46,71,0.221,0.375,0.407,0.783,112,81,1,5,1,3,2,87/9
514,Hector Noesi\noesihe01,32,MIA,12,5,4,0,1,0,0,0,0,0,0,0,3,0.25,0.25,0.25,0.5,35,1,0,0,1,0,0,1
515,Stephen Nogosek\nogosst01,24,NYM,7,0,0,0,0,0,0,0,0,0,0,0,0,,,,,,0,0,0,0,0,0,/1
516,Aaron Nola\nolaaa01,26,PHI,32,70,59,6,7,2,0,0,2,0,0,6,35,0.119,0.2,0.153,0.353,-6,9,0,0,5,0,0,1
517,Jake Noll\nollja01,25,WSN,8,13,12,1,2,1,0,0,2,0,0,1,4,0.167,0.231,0.25,0.481,23,3,0,0,0,0,0,/35
518,James Norwood\norwoja01,25,CHC,9,1,1,0,0,0,0,0,0,0,0,0,0,0,0,0,0,-100,0,0,0,0,0,0,/1
519,Jacob Nottingham\nottija01,24,MIL,9,7,6,1,2,0,0,1,4,0,0,0,2,0.333,0.429,0.833,1.262,215,5,0,1,0,0,0,/23
520,Dom Nunez*\nunezdo01,24,COL,16,43,39,4,7,3,0,2,4,0,0,3,17,0.179,0.233,0.41,0.643,51,16,0,0,0,1,0,2
521,Peter O'Brien\obriepe01,28,MIA,14,47,42,2,7,1,0,1,4,1,0,4,19,0.167,0.255,0.262,0.517,40,11,2,1,0,0,0,26908
522,Darren O'Day\odayda01,36,ATL,6,0,0,0,0,0,0,0,0,0,0,0,0,,,,,,0,0,0,0,0,0,/1
523,Brian O'Grady*\ogradbr01,27,CIN,28,48,42,4,8,2,1,2,3,0,0,4,17,0.19,0.292,0.429,0.72,82,18,0,2,0,0,0,8/73D
524,Tyler O'Neill\oneilty01,24,STL,60,151,141,18,37,6,0,5,16,1,0,10,53,0.262,0.311,0.411,0.723,88,58,3,0,0,0,0,35977
525,Ryan O'Rourke\orourry01,31,NYM,2,0,0,0,0,0,0,0,0,0,0,0,0,,,,,,0,0,0,0,0,0,/1
526,Scott Oberg\obergsc01,29,COL,45,1,1,0,0,0,0,0,0,0,0,0,1,0,0,0,0,-100,0,0,0,0,0,0,1
527,Seunghwan Oh\ohse01,36,COL,20,0,0,0,0,0,0,0,0,0,0,0,0,,,,,,0,0,0,0,0,0,1
528,Rafael Ortega*\ortegra01,28,ATL,34,96,88,7,18,3,0,2,10,3,0,8,22,0.205,0.271,0.307,0.578,48,27,2,0,0,0,0,35977
529,Jose Osuna\osunajo01,26,PIT,95,285,261,41,69,20,0,10,36,0,0,18,48,0.264,0.31,0.456,0.766,99,119,6,1,0,4,0,395/71
530,Corey Oswalt\oswalco01,25,NYM,2,3,1,0,0,0,0,0,1,0,0,0,1,0,0,0,0,-100,0,0,0,1,1,0,/1
531,Marcell Ozuna\ozunama01,28,STL,130,549,485,80,117,23,1,29,89,12,2,62,114,0.241,0.328,0.472,0.8,107,229,21,1,0,1,2,*7
532,Chris Paddack\paddach01,23,SDP,25,46,42,3,5,0,0,0,2,0,0,0,19,0.119,0.119,0.119,0.238,-36,5,0,0,4,0,0,1
533,Joe Panik*\panikjo01,28,TOT,142,491,438,50,107,21,2,5,39,4,2,43,47,0.244,0.315,0.336,0.651,75,147,6,4,2,4,2,*4
534,Joe Panik*\panikjo01,28,SFG,103,388,344,33,81,17,1,3,27,4,2,36,38,0.235,0.31,0.317,0.627,69,109,5,3,1,4,2,4
535,Joe Panik*\panikjo01,28,NYM,39,103,94,17,26,4,1,2,12,0,0,7,9,0.277,0.333,0.404,0.738,98,38,1,1,1,0,0,4
536,Blake Parker\parkebl01,34,PHI,22,1,1,0,0,0,0,0,0,0,0,0,1,0,0,0,0,-100,0,0,0,0,0,0,1
537,Gerardo Parra*\parrage01,32,TOT,119,301,274,38,64,14,1,9,48,8,3,19,59,0.234,0.293,0.391,0.684,75,107,7,5,1,2,3,9738/451
538,Gerardo Parra*\parrage01,32,SFG,30,97,86,8,17,3,0,1,6,2,1,8,18,0.198,0.278,0.267,0.546,48,23,0,2,0,1,2,79
539,Gerardo Parra*\parrage01,32,WSN,89,204,188,30,47,11,1,8,42,6,2,11,41,0.25,0.3,0.447,0.747,87,84,7,3,1,1,1,938/7451
540,Wes Parsons\parsowe01,26,TOT,31,3,2,0,0,0,0,0,0,0,0,1,2,0,0.333,0,0.333,-4,0,0,0,0,0,0,1
541,Wes Parsons\parsowe01,26,ATL,16,1,1,0,0,0,0,0,0,0,0,0,1,0,0,0,0,-100,0,0,0,0,0,0,1
542,Wes Parsons\parsowe01,26,COL,15,2,1,0,0,0,0,0,0,0,0,1,1,0,0.5,0,0.5,41,0,0,0,0,0,0,1
543,Joel Payamps\payamjo01,25,ARI,2,0,0,0,0,0,0,0,0,0,0,0,0,,,,,,0,0,0,0,0,0,/1
544,James Pazos\pazosja01,28,COL,12,0,0,0,0,0,0,0,0,0,0,0,0,,,,,,0,0,0,0,0,0,1
545,Joc Pederson*\pederjo01,27,LAD,149,514,450,83,112,16,3,36,74,1,1,50,111,0.249,0.339,0.538,0.876,127,242,4,12,0,2,2,*793/8D
546,David Peralta*\peralda01,31,ARI,99,423,382,48,105,29,3,12,57,0,0,35,87,0.275,0.343,0.461,0.804,106,176,9,5,0,1,3,7/D
547,Freddy Peralta\peralfr01,23,MIL,37,16,15,1,2,0,0,0,1,0,0,0,6,0.133,0.133,0.133,0.267,-30,2,0,0,1,0,0,1
548,Wandy Peralta*\peralwa01,27,TOT,44,0,0,0,0,0,0,0,0,0,0,0,0,,,,,,0,0,0,0,0,0,1
549,Wandy Peralta*\peralwa01,27,CIN,38,0,0,0,0,0,0,0,0,0,0,0,0,,,,,,0,0,0,0,0,0,1
550,Wandy Peralta*\peralwa01,27,SFG,6,0,0,0,0,0,0,0,0,0,0,0,0,,,,,,0,0,0,0,0,0,/1
551,Jose Peraza\perazjo01,25,CIN,141,403,376,37,90,18,2,6,33,7,6,17,58,0.239,0.285,0.346,0.631,62,130,9,8,0,2,0,467/581
552,Luis Perdomo\perdolu02,26,SDP,44,7,7,0,1,0,0,0,1,0,0,0,2,0.143,0.143,0.143,0.286,-23,1,0,0,0,0,0,1
553,Hernan Perez\perezhe01,28,MIL,91,246,232,29,53,11,0,8,18,5,1,11,66,0.228,0.262,0.379,0.642,64,88,9,0,2,1,0,465/9371
554,Tim Peterson\peterti01,28,NYM,5,0,0,0,0,0,0,0,0,0,0,0,0,,,,,,0,0,0,0,0,0,/1
555,Jake Petricka\petrija01,31,MIL,5,0,0,0,0,0,0,0,0,0,0,0,0,,,,,,0,0,0,0,0,0,/1
556,David Phelps\phelpda01,32,CHC,24,0,0,0,0,0,0,0,0,0,0,0,0,,,,,,0,0,0,0,0,0,1
557,Kevin Pillar\pillake01,30,SFG,156,628,595,82,157,37,3,21,87,14,5,18,86,0.264,0.293,0.442,0.735,93,263,15,9,0,6,4,*89
558,Manny Pina\pinama01,32,MIL,76,179,158,10,36,8,0,7,25,0,0,16,50,0.228,0.313,0.411,0.724,86,65,1,4,0,1,1,43501
559,Jose Pirela\pireljo01,29,TOT,14,24,22,1,4,1,0,1,2,0,0,2,7,0.182,0.25,0.364,0.614,57,8,1,0,0,0,0,/79
560,Jose Pirela\pireljo01,29,SDP,2,5,5,0,0,0,0,0,0,0,0,0,3,0,0,0,0,-100,0,1,0,0,0,0,/7
561,Jose Pirela\pireljo01,29,PHI,12,19,17,1,4,1,0,1,2,0,0,2,4,0.235,0.316,0.471,0.786,99,8,0,0,0,0,0,/79
562,Nick Pivetta\pivetni01,26,PHI,29,27,25,1,2,0,0,0,0,0,0,1,19,0.08,0.115,0.08,0.195,-48,2,0,0,1,0,0,1
563,Gregory Polanco*\polangr01,27,PIT,42,167,153,23,37,8,1,6,17,3,1,12,49,0.242,0.301,0.425,0.726,90,65,4,1,0,0,1,9/D
564,A.J. Pollock\polloaj01,31,LAD,86,342,308,49,82,15,1,15,47,5,1,23,74,0.266,0.327,0.468,0.795,108,144,7,7,0,4,1,87/D
565,Drew Pomeranz\pomerdr01,30,TOT,44,20,19,0,0,0,0,0,0,0,0,0,13,0,0,0,0,-100,0,1,0,1,0,0,1
566,Drew Pomeranz\pomerdr01,30,SFG,19,18,17,0,0,0,0,0,0,0,0,0,13,0,0,0,0,-100,0,1,0,1,0,0,1
567,Drew Pomeranz\pomerdr01,30,MIL,25,2,2,0,0,0,0,0,0,0,0,0,0,0,0,0,0,-100,0,0,0,0,0,0,1
568,Daniel Ponce de Leon\ponceda01,27,STL,12,12,9,0,0,0,0,0,0,0,0,1,4,0,0.1,0,0.1,-70,0,0,0,2,0,0,1
569,Buster Posey\poseybu01,32,SFG,114,445,405,43,104,24,0,7,38,0,0,34,71,0.257,0.32,0.368,0.688,84,149,18,4,1,1,1,2/3D
570,Brooks Pounders\poundbr01,28,NYM,7,0,0,0,0,0,0,0,0,0,0,0,0,,,,,,0,0,0,0,0,0,/1
571,Martin Prado\pradoma01,35,MIA,104,260,245,26,57,9,0,2,15,0,0,12,41,0.233,0.265,0.294,0.559,50,72,10,0,0,3,0,35/D
572,Cesar Puello\puellce01,28,MIA,32,97,84,8,15,2,0,1,6,0,0,7,30,0.179,0.281,0.238,0.519,42,20,1,5,1,0,1,89
573,Yasiel Puig\puigya01,28,CIN,100,404,373,51,94,15,1,22,61,14,5,23,89,0.252,0.302,0.475,0.777,95,177,9,5,0,3,1,9
574,Cal Quantrill*\quantca01,24,SDP,21,30,25,1,2,0,0,0,1,0,1,1,6,0.08,0.115,0.08,0.195,-46,2,0,0,4,0,0,1
575,Jose Quijada*\quijajo01,23,MIA,31,1,1,0,0,0,0,0,0,0,0,0,1,0,0,0,0,-100,0,0,0,0,0,0,1
576,Roman Quinn#\quinnro01,26,PHI,44,122,108,18,23,3,1,4,11,8,0,12,34,0.213,0.298,0.37,0.668,72,40,2,1,1,0,0,43678
577,Jose Quintana\quintjo01,30,CHC,31,63,54,2,5,1,0,0,3,0,0,0,27,0.093,0.093,0.111,0.204,-47,6,1,0,9,0,0,1
578,Tanner Rainey\raineta01,26,WSN,47,1,1,0,0,0,0,0,0,0,0,0,1,0,0,0,0,-100,0,0,0,0,0,0,1
579,Harold Ramirez\ramirha02,24,MIA,119,446,421,54,116,20,3,11,50,2,1,18,91,0.276,0.312,0.416,0.728,93,175,8,5,0,1,1,*798
580,Yefry Ramirez\ramirye01,25,PIT,9,2,2,0,0,0,0,0,0,0,0,0,0,0,0,0,0,-100,0,0,0,0,0,0,/1
581,Edubray Ramos\ramosed02,26,PHI,18,0,0,0,0,0,0,0,0,0,0,0,0,,,,,,0,0,0,0,0,0,1
582,Wilson Ramos\ramoswi01,31,NYM,141,524,473,52,136,19,0,14,73,1,0,44,69,0.288,0.351,0.416,0.768,107,197,16,4,0,3,5,*2/D
583,Rangel Ravelo\ravelra01,27,STL,29,43,39,4,8,2,0,2,7,0,0,3,12,0.205,0.256,0.41,0.666,71,16,1,0,0,1,0,/3
584,Robbie Ray*\rayro02,27,ARI,31,60,55,1,4,0,0,0,3,0,0,0,28,0.073,0.073,0.073,0.145,-62,4,2,0,5,0,0,1
585,Raudy Read\readra01,25,WSN,6,11,11,0,1,0,0,0,0,0,0,0,5,0.091,0.091,0.091,0.182,-53,1,1,0,0,0,0,/2
586,J.T. Realmuto\realmjt01,28,PHI,145,593,538,92,148,36,3,25,83,9,1,41,123,0.275,0.328,0.493,0.82,108,265,12,5,0,8,2,*2/3D
587,Cody Reed*\reedco01,26,CIN,3,1,1,0,0,0,0,0,0,0,0,0,1,0,0,0,0,-100,0,0,0,0,0,0,/1
588,Michael Reed\reedmi02,26,SFG,4,8,8,0,0,0,0,0,0,0,0,0,6,0,0,0,0,-100,0,0,0,0,0,0,/79
589,Anthony Rendon\rendoan01,29,WSN,146,646,545,117,174,44,3,34,126,5,1,80,86,0.319,0.412,0.598,1.01,153,326,13,12,0,9,8,*5/4
590,Hunter Renfroe\renfrhu01,27,SDP,140,494,440,64,95,19,1,33,64,5,0,46,154,0.216,0.289,0.489,0.778,102,215,6,2,0,6,1,*97/8
591,Alex Reyes\reyesal02,24,STL,4,0,0,0,0,0,0,0,0,0,0,0,0,,,,,,0,0,0,0,0,0,/1
592,Franmil Reyes\reyesfr01,23,SDP,99,354,321,43,82,9,0,27,46,0,0,29,93,0.255,0.314,0.536,0.849,120,172,12,0,0,4,1,9/D
593,Gerardo Reyes\reyesge01,26,SDP,27,1,1,0,0,0,0,0,0,0,0,0,1,0,0,0,0,-100,0,0,0,0,0,0,1
594,Pablo Reyes\reyespa01,25,PIT,71,157,143,18,29,7,2,2,19,1,1,13,36,0.203,0.274,0.322,0.596,58,46,0,1,0,0,0,798/456
595,Bryan Reynolds#\reynobr01,24,PIT,134,546,491,83,154,37,4,16,68,3,2,46,121,0.314,0.377,0.503,0.88,131,247,9,6,0,3,0,*798
596,Mark Reynolds\reynoma01,35,COL,78,162,135,13,23,7,0,4,20,2,0,22,57,0.17,0.29,0.311,0.601,47,42,3,2,0,3,0,3/D1
597,Jacob Rhame\rhameja01,26,NYM,5,0,0,0,0,0,0,0,0,0,0,0,0,,,,,,0,0,0,0,0,0,/1
598,Garrett Richards\richaga01,31,SDP,3,3,2,0,0,0,0,0,0,0,0,0,1,0,0,0,0,-100,0,0,0,1,0,0,/1
599,Trevor Richards\richatr01,26,MIA,22,34,30,2,3,0,0,0,0,0,0,2,18,0.1,0.156,0.1,0.256,-29,3,0,0,2,0,0,1
600,Joey Rickard\rickajo01,28,SFG,26,54,50,4,14,2,0,1,4,1,0,4,17,0.28,0.333,0.38,0.713,91,19,1,0,0,0,0,43655
601,JT Riddle*\riddljt01,27,MIA,51,139,132,15,25,6,0,6,12,0,0,5,42,0.189,0.23,0.371,0.601,57,49,3,2,0,0,1,86
602,Austin Riley\rileyau01,22,ATL,80,297,274,41,62,11,1,18,49,0,2,16,108,0.226,0.279,0.471,0.75,86,129,4,5,0,2,3,7/359D
603,Edwin Rios*\riosed01,25,LAD,28,56,47,10,13,2,1,4,8,0,0,9,21,0.277,0.393,0.617,1.01,162,29,1,0,0,0,0,3/5D7
604,Yacksel Rios\riosya01,26,TOT,14,0,0,0,0,0,0,0,0,0,0,0,0,,,,,,0,0,0,0,0,0,1
605,Yacksel Rios\riosya01,26,PHI,4,0,0,0,0,0,0,0,0,0,0,0,0,,,,,,0,0,0,0,0,0,/1
606,Yacksel Rios\riosya01,26,PIT,10,0,0,0,0,0,0,0,0,0,0,0,0,,,,,,0,0,0,0,0,0,1
607,Rene Rivera\riverre01,35,NYM,9,20,17,2,4,0,0,1,3,0,0,3,4,0.235,0.35,0.412,0.762,105,7,0,0,0,0,0,/2
608,Yadiel Rivera\riverya01,27,MIA,34,66,60,8,11,2,0,0,3,2,0,6,20,0.183,0.258,0.217,0.474,30,13,1,0,0,0,0,/563948
609,Anthony Rizzo*\rizzoan01,29,CHC,146,613,512,89,150,29,3,27,94,5,2,71,86,0.293,0.405,0.52,0.924,137,266,15,27,0,3,3,*3
610,Tanner Roark\roarkta01,32,CIN,19,34,33,2,5,1,0,1,2,0,0,0,13,0.152,0.152,0.273,0.424,6,9,0,0,1,0,0,1
611,David Robertson\roberda08,34,PHI,7,0,0,0,0,0,0,0,0,0,0,0,0,,,,,,0,0,0,0,0,0,/1
612,Drew Robinson*\robindr01,27,STL,5,7,7,1,1,0,0,0,0,0,0,0,3,0.143,0.143,0.143,0.286,-24,1,0,0,0,0,0,/89
613,Victor Robles\roblevi01,22,WSN,155,617,546,86,139,33,3,17,65,28,9,35,140,0.255,0.326,0.419,0.745,88,229,6,25,6,5,3,*89
614,Brendan Rodgers\rodgebr02,22,COL,25,81,76,8,17,2,0,0,7,0,0,4,27,0.224,0.272,0.25,0.522,29,19,2,1,0,0,0,43561
615,Fernando Rodney\rodnefe01,42,WSN,35,0,0,0,0,0,0,0,0,0,0,0,0,,,,,,0,0,0,0,0,0,1
616,Dereck Rodriguez\rodride01,27,SFG,27,29,29,1,5,0,0,0,0,0,0,0,17,0.172,0.172,0.172,0.345,-7,5,0,0,0,0,0,1
617,Richard Rodriguez\rodriri05,29,PIT,68,0,0,0,0,0,0,0,0,0,0,0,0,,,,,,0,0,0,0,0,0,1
618,Sean Rodriguez\rodrise01,34,PHI,76,139,112,24,25,5,0,4,12,1,1,19,41,0.223,0.348,0.375,0.723,88,42,2,3,4,1,0,56/794813D
619,Tyler Rogers\rogerty01,28,SFG,15,0,0,0,0,0,0,0,0,0,0,0,0,,,,,,0,0,0,0,0,0,1
620,Josh Rojas*\rojasjo01,25,ARI,41,157,138,17,30,7,0,2,16,4,2,18,41,0.217,0.312,0.312,0.624,64,43,3,1,0,0,0,34516
621,Miguel Rojas\rojasmi02,30,MIA,132,526,483,52,137,29,1,5,46,9,5,32,62,0.284,0.331,0.379,0.71,90,183,15,5,1,5,2,*6/34
622,Sal Romano*\romansa01,25,CIN,11,2,2,0,0,0,0,0,0,0,0,0,1,0,0,0,0,-100,0,0,0,0,0,0,1
623,Sergio Romo\romose01,36,MIA,32,0,0,0,0,0,0,0,0,0,0,0,0,,,,,,0,0,0,0,0,0,1
624,Amed Rosario\rosaram01,23,NYM,157,655,616,75,177,30,7,15,72,19,10,31,124,0.287,0.323,0.432,0.755,102,266,13,3,2,3,2,*6/D7
625,Randy Rosario*\rosarra01,25,CHC,11,1,1,0,0,0,0,0,0,0,0,0,0,0,0,0,0,-100,0,0,0,0,0,0,1
626,Trevor Rosenthal\rosentr01,29,WSN,11,0,0,0,0,0,0,0,0,0,0,0,0,,,,,,0,0,0,0,0,0,1
627,Joe Ross\rossjo01,26,WSN,28,20,19,1,2,0,0,0,0,0,0,1,10,0.105,0.15,0.105,0.255,-33,2,0,0,0,0,0,1
628,Zac Rosscup\rosscza01,31,LAD,5,0,0,0,0,0,0,0,0,0,0,0,0,,,,,,0,0,0,0,0,0,/1
629,Chris Rusin*\rusinch01,32,COL,2,0,0,0,0,0,0,0,0,0,0,0,0,,,,,,0,0,0,0,0,0,/1
630,Addison Russell\russead02,25,CHC,82,241,215,25,51,4,1,9,23,2,0,20,58,0.237,0.308,0.391,0.699,79,84,7,3,1,2,2,46
631,Kyle Ryan*\ryanky01,27,CHC,71,3,2,0,0,0,0,0,0,0,0,1,1,0,0.333,0,0.333,0,0,0,0,0,0,0,1
632,Hyun-Jin Ryu\ryuhy01,32,LAD,28,67,51,3,8,1,0,1,3,0,0,4,23,0.157,0.218,0.235,0.453,21,12,0,0,12,0,0,1
633,Casey Sadler\sadleca02,28,LAD,23,3,3,0,0,0,0,0,0,0,0,0,1,0,0,0,0,-100,0,0,0,0,0,0,1
634,Tyler Saladino\saladty01,29,MIL,28,71,65,7,8,0,0,2,8,2,0,5,26,0.123,0.197,0.215,0.413,8,14,1,1,0,0,0,6/754
635,Fernando Salas\salasfe01,34,PHI,3,0,0,0,0,0,0,0,0,0,0,0,0,,,,,,0,0,0,0,0,0,/1
636,Jeff Samardzija\samarje01,34,SFG,29,56,50,1,6,2,0,0,1,0,0,0,30,0.12,0.12,0.16,0.28,-26,8,0,0,6,0,0,1
637,Adrian Sanchez\sanchad01,28,WSN,28,32,31,3,7,0,0,0,1,0,0,1,10,0.226,0.25,0.226,0.476,23,7,0,0,0,0,0,/54637
638,Anibal Sanchez\sanchan01,35,WSN,27,56,52,1,6,0,0,0,1,0,0,0,24,0.115,0.115,0.115,0.231,-41,6,3,0,4,0,0,1
639,Pablo Sandoval#\sandopa01,32,SFG,108,296,272,42,73,23,0,14,41,1,0,18,67,0.268,0.313,0.507,0.82,114,138,8,1,2,3,2,53/D1
640,Dennis Santana\santade01,23,LAD,3,2,2,0,1,0,0,0,0,0,0,0,0,0.5,0.5,0.5,1,168,1,0,0,0,0,0,/1
641,Hector Santiago\santihe01,31,NYM,8,0,0,0,0,0,0,0,0,0,0,0,0,,,,,,0,0,0,0,0,0,/1
642,Josh Sborz\sborzjo01,25,LAD,7,0,0,0,0,0,0,0,0,0,0,0,0,,,,,,0,0,0,0,0,0,/1
643,Scott Schebler*\schebsc01,28,CIN,30,95,81,11,10,2,0,2,7,0,1,14,27,0.123,0.253,0.222,0.475,25,18,3,0,0,0,0,29068
644,Max Scherzer\scherma01,34,WSN,28,61,55,6,10,0,0,0,2,2,0,0,27,0.182,0.182,0.182,0.364,-7,10,1,0,6,0,0,1
645,Jaime Schultz\schulja02,28,LAD,4,0,0,0,0,0,0,0,0,0,0,0,0,,,,,,0,0,0,0,0,0,/1
646,Kyle Schwarber*\schwaky01,26,CHC,155,610,529,82,132,29,3,38,92,2,3,70,156,0.25,0.339,0.531,0.871,120,281,6,5,0,6,5,*7/D2
647,Robby Scott#\scottro02,29,ARI,11,0,0,0,0,0,0,0,0,0,0,0,0,,,,,,0,0,0,0,0,0,1
648,Corey Seager*\seageco01,25,LAD,134,541,489,82,133,44,1,19,87,1,0,44,98,0.272,0.335,0.483,0.817,113,236,8,4,0,4,3,*6
649,Jean Segura\segurje01,29,PHI,144,618,576,79,161,37,4,12,60,10,2,30,73,0.28,0.323,0.42,0.743,90,242,11,8,1,3,1,*6
650,Sam Selman\selmasa01,28,SFG,9,0,0,0,0,0,0,0,0,0,0,0,0,,,,,,0,0,0,0,0,0,1
651,Antonio Senzatela\senzaan01,24,COL,24,46,40,2,1,0,0,0,3,0,0,1,24,0.025,0.049,0.025,0.074,-81,1,0,0,5,0,0,1
652,Nick Senzel\senzeni01,24,CIN,104,414,375,55,96,20,4,12,42,14,5,30,101,0.256,0.315,0.427,0.742,89,160,6,3,0,1,0,43681
653,Paul Sewald\sewalpa01,29,NYM,17,1,1,0,0,0,0,0,0,0,0,0,0,0,0,0,0,-100,0,0,0,0,0,0,1
654,Bryan Shaw#\shawbr01,31,COL,64,0,0,0,0,0,0,0,0,0,0,0,0,,,,,,0,0,0,0,0,0,1
655,Chris Shaw*\shawch01,25,SFG,16,20,18,0,1,0,0,0,0,0,0,2,8,0.056,0.15,0.056,0.206,-41,1,0,0,0,0,0,/3D
656,Travis Shaw*\shawtr01,29,MIL,86,270,230,22,36,5,0,7,16,0,0,36,89,0.157,0.281,0.27,0.551,45,62,5,4,0,0,3,12540
657,Jimmie Sherfy\sherfji01,27,ARI,17,2,2,0,0,0,0,0,0,0,0,0,2,0,0,0,0,-100,0,0,0,0,0,0,1
658,Chasen Shreve*\shrevch01,28,STL,3,1,0,0,0,0,0,0,0,0,0,1,0,,1,,,,0,0,0,0,0,0,/1
659,JB Shuck*\shuckja01,32,PIT,27,57,47,4,10,0,1,0,2,1,1,8,10,0.213,0.339,0.255,0.595,63,12,0,1,1,0,0,9/78D1
660,Magneuris Sierra*\sierrma01,23,MIA,15,42,40,5,14,1,1,0,1,3,3,2,7,0.35,0.381,0.425,0.806,116,17,0,0,0,0,0,/89
661,Lucas Sims\simslu01,25,CIN,23,8,8,0,1,0,0,0,0,0,0,0,5,0.125,0.125,0.125,0.25,-35,1,0,0,0,0,0,1
662,Tony Sipp*\sippto01,35,WSN,33,0,0,0,0,0,0,0,0,0,0,0,0,,,,,,0,0,0,0,0,0,1
663,Austin Slater\slateau01,26,SFG,68,192,168,20,40,9,3,5,21,1,0,22,59,0.238,0.333,0.417,0.75,99,70,1,2,0,0,1,9/374
664,Burch Smith\smithbu03,29,TOT,16,1,1,0,0,0,0,0,0,0,0,0,1,0,0,0,0,-100,0,0,0,0,0,0,1
665,Burch Smith\smithbu03,29,MIL,7,1,1,0,0,0,0,0,0,0,0,0,1,0,0,0,0,-100,0,0,0,0,0,0,/1
666,Burch Smith\smithbu03,29,SFG,9,0,0,0,0,0,0,0,0,0,0,0,0,,,,,,0,0,0,0,0,0,1
667,Caleb Smith\smithca03,27,MIA,27,49,43,2,10,2,0,0,3,0,0,0,15,0.233,0.25,0.279,0.529,42,12,2,1,5,0,0,1
668,Dominic Smith*\smithdo02,24,NYM,89,197,177,35,50,10,0,11,25,1,2,19,44,0.282,0.355,0.525,0.881,134,93,5,1,0,0,0,37/9
669,Josh Smith*\smithjo08,29,MIA,6,0,0,0,0,0,0,0,0,0,0,0,0,,,,,,0,0,0,0,0,0,/1
670,Will Smith\smithwi04,29,SFG,58,2,1,0,1,0,0,0,2,0,0,0,0,1,1,1,2,441,1,0,0,1,0,0,1
671,Will Smith\smithwi05,24,LAD,54,196,170,30,43,9,0,15,42,2,0,18,52,0.253,0.337,0.571,0.907,134,97,3,5,0,3,1,2/D
672,Drew Smyly*\smylydr01,30,PHI,10,19,18,1,0,0,0,0,0,0,0,1,8,0,0.053,0,0.053,-84,0,0,0,0,0,0,1
673,Chad Sobotka\sobotch01,25,ATL,30,2,2,0,0,0,0,0,0,0,0,0,2,0,0,0,0,-100,0,0,0,0,0,0,1
674,Donovan Solano\solando01,31,SFG,81,228,215,27,71,13,1,4,23,0,1,10,49,0.33,0.36,0.456,0.815,117,98,4,1,0,2,0,46/5D
675,Yangervis Solarte#\solarya01,31,SFG,28,78,73,9,15,5,0,1,7,0,0,4,16,0.205,0.247,0.315,0.562,49,23,4,0,1,0,1,4/765
676,Mike Soroka\sorokmi01,21,ATL,27,63,52,2,4,0,0,0,3,0,0,2,22,0.077,0.143,0.077,0.22,-41,4,1,2,7,0,0,1
677,Edmundo Sosa\sosaed01,23,STL,8,10,8,2,2,0,0,0,0,1,0,1,2,0.25,0.4,0.25,0.65,78,2,0,1,0,0,0,/4
678,Juan Soto*\sotoju01,20,WSN,150,659,542,110,153,32,5,34,110,12,1,108,132,0.282,0.401,0.548,0.949,138,297,11,3,0,6,3,*7
679,Cory Spangenberg*\spangco01,28,MIL,32,102,95,11,22,2,2,2,10,3,0,6,36,0.232,0.277,0.358,0.635,63,34,1,0,1,0,1,4/567
680,Jacob Stallings\stallja01,29,PIT,71,210,191,26,50,5,0,6,13,0,0,16,40,0.262,0.325,0.382,0.708,87,73,3,2,1,0,5,43497
681,Craig Stammen\stammcr01,35,SDP,72,1,1,0,0,0,0,0,0,0,0,0,1,0,0,0,0,-100,0,0,0,0,0,0,1
682,Ryne Stanek\stanery01,27,MIA,22,0,0,0,0,0,0,0,0,0,0,0,0,,,,,,0,0,0,0,0,0,1
683,Drew Steckenrider\steckdr01,28,MIA,14,0,0,0,0,0,0,0,0,0,0,0,0,,,,,,0,0,0,0,0,0,1
684,Robert Stephenson\stephro01,26,CIN,54,1,1,0,0,0,0,0,0,0,0,0,1,0,0,0,0,-100,0,0,0,0,0,0,1
685,Andrew Stevenson*\stevean01,25,WSN,30,37,30,4,11,1,1,0,0,0,1,6,11,0.367,0.486,0.467,0.953,146,14,1,1,0,0,0,/7
686,Brock Stewart*\stewabr01,27,LAD,3,3,3,1,1,1,0,0,0,0,0,0,0,0.333,0.333,0.667,1,155,2,0,0,0,0,0,/1
687,Robert Stock*\stockro01,29,SDP,10,0,0,0,0,0,0,0,0,0,0,0,0,,,,,,0,0,0,0,0,0,1
688,Trevor Story\storytr01,26,COL,145,656,588,111,173,38,5,35,85,23,8,58,174,0.294,0.363,0.554,0.917,118,326,3,7,0,3,0,*6
689,Matt Strahm\strahma01,27,SDP,45,27,21,1,6,2,0,0,1,0,0,2,12,0.286,0.348,0.381,0.729,95,8,0,0,4,0,0,1
690,Stephen Strasburg\strasst01,30,WSN,33,80,72,4,12,1,0,1,10,0,0,3,25,0.167,0.2,0.222,0.422,8,16,0,0,5,0,0,1
691,Chris Stratton\stratch01,28,PIT,26,2,2,0,0,0,0,0,0,0,0,0,2,0,0,0,0,-100,0,0,0,0,0,0,1
692,Hunter Strickland\strichu01,30,WSN,23,0,0,0,0,0,0,0,0,0,0,0,0,,,,,,0,0,0,0,0,0,1
693,Ross Stripling\stripro01,29,LAD,27,24,20,1,3,0,0,0,1,0,0,2,7,0.15,0.227,0.15,0.377,4,3,1,0,2,0,0,1
694,Marcus Stroman\stromma01,28,NYM,11,23,21,2,1,0,0,0,0,0,0,0,11,0.048,0.048,0.048,0.095,-74,1,1,0,2,0,0,1
695,Pedro Strop\stroppe01,34,CHC,47,0,0,0,0,0,0,0,0,0,0,0,0,,,,,,0,0,0,0,0,0,1
696,Andrew Suarez*\suarean01,26,SFG,19,3,3,0,0,0,0,0,0,0,0,0,1,0,0,0,0,-100,0,0,0,0,0,0,1
697,Eugenio Suarez\suareeu01,27,CIN,159,662,575,87,156,22,2,49,103,3,2,70,189,0.271,0.358,0.572,0.93,134,329,12,11,0,6,4,*5/D
698,Ranger Suarez*\suarera01,23,PHI,34,5,4,0,1,0,0,0,0,0,0,0,2,0.25,0.25,0.25,0.5,31,1,0,0,1,0,0,1
699,Wander Suero\suerowa01,27,WSN,75,1,1,0,0,0,0,0,0,0,0,0,1,0,0,0,0,-100,0,0,0,0,0,0,1
700,Brent Suter*\suterbr01,29,MIL,9,2,2,0,0,0,0,0,0,0,0,0,1,0,0,0,0,-100,0,0,0,0,0,0,/1
701,Kurt Suzuki\suzukku01,35,WSN,85,309,280,37,74,11,0,17,63,0,1,20,36,0.264,0.324,0.486,0.809,102,136,10,6,0,3,1,2
702,Dansby Swanson\swansda01,25,ATL,127,545,483,77,121,26,3,17,65,10,5,51,124,0.251,0.325,0.422,0.748,89,204,7,5,1,5,2,*6
703,Anthony Swarzak\swarzan01,33,ATL,41,0,0,0,0,0,0,0,0,0,0,0,0,,,,,,0,0,0,0,0,0,1
704,Blake Swihart#\swihabl01,27,ARI,31,70,66,9,9,0,0,3,9,0,0,4,29,0.136,0.186,0.273,0.458,17,18,2,0,0,0,0,34151
705,Noah Syndergaard*\syndeno01,26,NYM,30,69,65,6,6,1,0,2,2,0,0,3,47,0.092,0.132,0.2,0.332,-12,13,1,0,1,0,0,1
706,Jameson Taillon\taillja01,27,PIT,6,11,8,0,2,0,0,0,0,0,0,0,3,0.25,0.25,0.25,0.5,34,2,0,0,3,0,0,/1
707,Raimel Tapia*\tapiara01,25,COL,138,447,426,54,117,23,5,9,44,9,3,21,100,0.275,0.309,0.415,0.724,74,177,2,0,0,0,0,78/9D
708,Fernando Tatis Jr.\tatisfe02,20,SDP,84,372,334,61,106,13,6,22,53,16,6,30,110,0.317,0.379,0.59,0.969,152,197,4,5,0,3,1,6
709,Chris Taylor\tayloch03,28,LAD,124,414,366,52,96,29,4,12,52,8,0,37,115,0.262,0.333,0.462,0.794,108,169,6,4,2,5,3,7648/59
710,Michael A. Taylor\taylomi02,28,WSN,53,97,88,10,22,7,0,1,3,6,0,7,34,0.25,0.305,0.364,0.669,70,32,0,0,2,0,0,43686
711,Tyrone Taylor\tayloty01,25,MIL,15,12,10,1,4,2,0,0,1,0,0,1,1,0.4,0.5,0.6,1.1,185,6,0,1,0,0,0,/98
712,Julio Teheran\teherju01,28,ATL,33,60,55,1,6,1,0,0,4,0,0,0,24,0.109,0.107,0.127,0.234,-40,7,0,0,4,1,0,1
713,Ruben Tejada\tejadru01,29,NYM,6,9,9,1,0,0,0,0,0,0,0,0,3,0,0,0,0,-100,0,0,0,0,0,0,/456
714,Eric Thames*\thameer01,32,MIL,149,459,396,67,98,23,2,25,61,3,2,51,140,0.247,0.346,0.505,0.851,117,200,0,10,0,2,4,39/D
715,Lane Thomas\thomala02,23,STL,34,44,38,6,12,0,1,4,12,1,1,4,8,0.316,0.409,0.684,1.093,180,26,1,2,0,0,0,35643
716,Jesus Tinoco\tinocje01,24,COL,23,6,5,1,1,0,0,0,0,0,0,0,4,0.2,0.2,0.2,0.4,-2,1,0,0,1,0,0,1
717,Yasmany Tomas\tomasya01,28,ARI,4,6,6,0,0,0,0,0,0,0,0,0,3,0,0,0,0,-100,0,1,0,0,0,0,/D
718,Josh Tomlin\tomlijo01,34,ATL,47,6,6,0,0,0,0,0,0,0,0,0,3,0,0,0,0,-100,0,0,0,0,0,0,1
719,Luis Torrens\torrelu01,23,SDP,7,16,14,2,3,1,0,0,0,0,0,2,6,0.214,0.313,0.286,0.598,62,4,1,0,0,0,0,/2
720,Touki Toussaint\toussto01,23,ATL,23,10,9,0,0,0,0,0,0,0,0,0,7,0,0,0,0,-100,0,0,0,1,0,0,1
721,Cole Tucker#\tuckeco01,22,PIT,56,159,147,16,31,10,3,2,13,0,0,10,40,0.211,0.266,0.361,0.626,64,53,2,1,1,0,1,6
722,Justin Turner\turneju01,34,LAD,135,549,479,80,139,24,0,27,67,2,0,51,88,0.29,0.372,0.509,0.881,131,244,11,14,0,5,1,*5/D4
723,Trea Turner\turnetr01,26,WSN,122,569,521,96,155,37,5,19,57,35,5,43,113,0.298,0.353,0.497,0.85,113,259,10,3,0,2,2,*6
724,Duane Underwood Jr.\underdu01,24,CHC,12,1,1,0,0,0,0,0,0,0,0,0,1,0,0,0,0,-100,0,0,0,0,0,0,1
725,Jose Urena\urenajo01,27,MIA,24,22,19,1,0,0,0,0,0,0,0,1,14,0,0.05,0,0.05,-85,0,1,0,2,0,0,1
726,Julio Urias*\uriasju01,22,LAD,35,18,12,0,3,0,0,0,2,0,0,1,4,0.25,0.308,0.25,0.558,52,3,0,0,5,0,0,1
727,Luis Urias\uriaslu01,22,SDP,71,249,215,27,48,8,1,4,24,0,1,25,56,0.223,0.329,0.326,0.655,76,70,8,9,0,0,0,64/5
728,Pat Valaika\valaipa01,26,COL,40,86,79,11,15,5,1,1,4,0,0,7,34,0.19,0.256,0.316,0.572,38,25,1,0,0,0,0,4/653D
729,Josh VanMeter*\vanmejo01,24,CIN,95,260,228,33,54,13,1,8,23,9,3,29,56,0.237,0.327,0.408,0.735,88,93,5,2,0,1,0,743/5D9
730,Ildemaro Vargas#\vargail01,27,ARI,92,211,201,25,54,9,1,6,24,1,0,9,24,0.269,0.299,0.413,0.712,82,83,6,0,0,1,0,45/679
731,Jason Vargas*\vargaja01,36,TOT,27,45,40,0,3,0,0,0,0,0,0,0,22,0.075,0.075,0.075,0.15,-60,3,1,0,5,0,0,1
732,Jason Vargas*\vargaja01,36,NYM,17,31,28,0,2,0,0,0,0,0,0,0,16,0.071,0.071,0.071,0.143,-61,2,1,0,3,0,0,1
733,Jason Vargas*\vargaja01,36,PHI,10,14,12,0,1,0,0,0,0,0,0,0,6,0.083,0.083,0.083,0.167,-56,1,0,0,2,0,0,1
734,Felipe Vazquez*\riverfe01,27,PIT,51,2,2,0,0,0,0,0,0,0,0,0,0,0,0,0,0,-100,0,0,0,0,0,0,1
735,Vince Velasquez\velasvi01,27,PHI,33,36,30,2,7,0,0,1,3,0,0,2,9,0.233,0.281,0.333,0.615,59,10,1,0,4,0,0,43472
736,Pat Venditte*\vendipa01,34,SFG,2,0,0,0,0,0,0,0,0,0,0,0,0,,,,,,0,0,0,0,0,0,/1
737,Jonny Venters*\ventejo01,34,TOT,11,0,0,0,0,0,0,0,0,0,0,0,0,,,,,,0,0,0,0,0,0,1
738,Jonny Venters*\ventejo01,34,ATL,9,0,0,0,0,0,0,0,0,0,0,0,0,,,,,,0,0,0,0,0,0,/1
739,Jonny Venters*\ventejo01,34,WSN,2,0,0,0,0,0,0,0,0,0,0,0,0,,,,,,0,0,0,0,0,0,/1
740,Alex Verdugo*\verdual01,23,LAD,106,377,343,43,101,22,2,12,44,4,1,26,49,0.294,0.342,0.475,0.817,114,163,8,2,0,6,1,897
741,Nick Vincent\vinceni01,32,TOT,30,3,3,0,0,0,0,0,0,0,0,0,3,0,0,0,0,-100,0,0,0,0,0,0,1
742,Nick Vincent\vinceni01,32,SFG,18,3,3,0,0,0,0,0,0,0,0,0,3,0,0,0,0,-100,0,0,0,0,0,0,1
743,Nick Vincent\vinceni01,32,PHI,12,0,0,0,0,0,0,0,0,0,0,0,0,,,,,,0,0,0,0,0,0,1
744,Arodys Vizcaino\vizcaar01,28,ATL,4,0,0,0,0,0,0,0,0,0,0,0,0,,,,,,0,0,0,0,0,0,/1
745,Stephen Vogt*\vogtst01,34,SFG,99,280,255,30,67,24,2,10,40,3,1,20,66,0.263,0.314,0.49,0.804,111,125,1,1,0,4,1,2/7D3
746,Austin Voth\vothau01,27,WSN,7,10,9,0,1,0,0,0,1,0,0,0,3,0.111,0.111,0.111,0.222,-43,1,0,0,1,0,0,/1
747,Joey Votto*\vottojo01,35,CIN,142,608,525,79,137,32,1,15,47,5,0,76,123,0.261,0.357,0.411,0.768,98,216,14,4,0,3,2,*3/D7
748,Michael Wacha\wachami01,27,STL,28,39,36,3,6,1,0,0,3,0,0,0,21,0.167,0.167,0.194,0.361,-5,7,0,0,3,0,0,1
749,Adam Wainwright\wainwad01,37,STL,29,59,50,6,8,3,0,0,2,0,0,2,20,0.16,0.189,0.22,0.409,7,11,0,0,6,1,0,1
750,Mitch Walding*\waldimi01,26,PHI,2,2,2,0,0,0,0,0,0,0,0,0,2,0,0,0,0,-100,0,0,0,0,0,0,
751,Christian Walker\walkech02,28,ARI,152,603,529,86,137,26,1,29,73,8,1,67,155,0.259,0.348,0.476,0.825,111,252,11,6,0,1,6,*3/D
752,Jeremy Walker\walkeje02,24,ATL,6,1,1,0,0,0,0,0,0,0,0,0,0,0,0,0,0,-100,0,0,0,0,0,0,/1
753,Neil Walker#\walkene01,33,MIA,115,381,337,37,88,19,1,8,38,3,0,42,77,0.261,0.344,0.395,0.738,98,133,8,1,0,1,1,35/D4
754,Taijuan Walker\walketa01,26,ARI,1,0,0,0,0,0,0,0,0,0,0,0,0,,,,,,0,0,0,0,0,0,/1
755,Chad Wallach\wallach01,27,MIA,19,54,48,4,12,3,0,1,3,0,0,6,12,0.25,0.333,0.375,0.708,90,18,0,0,0,0,0,2
756,Wei-Chung Wang*\wangwe01,27,PIT,5,0,0,0,0,0,0,0,0,0,0,0,0,,,,,,0,0,0,0,0,0,/1
757,Adam Warren\warread01,31,SDP,23,0,0,0,0,0,0,0,0,0,0,0,0,,,,,,0,0,0,0,0,0,1
758,Tony Watson*\watsoto01,34,SFG,57,0,0,0,0,0,0,0,0,0,0,0,0,,,,,,0,0,0,0,0,0,1
759,Luke Weaver\weavelu01,25,ARI,13,21,19,2,2,0,0,1,4,0,0,0,11,0.105,0.1,0.263,0.363,-11,5,0,0,1,1,0,1
760,Jacob Webb\webbja01,25,ATL,35,1,1,0,0,0,0,0,0,0,0,0,1,0,0,0,0,-100,0,0,0,0,0,0,1
761,Logan Webb\webblo01,22,SFG,7,11,9,0,1,0,0,0,0,0,0,1,2,0.111,0.2,0.111,0.311,-12,1,1,0,1,0,0,/1
762,Tyler Webb*\webbty01,28,STL,60,0,0,0,0,0,0,0,0,0,0,0,0,,,,,,0,0,0,0,0,0,1
763,Allen Webster\webstal01,29,CHC,11,0,0,0,0,0,0,0,0,0,0,0,0,,,,,,0,0,0,0,0,0,1
764,Zack Wheeler*\wheelza01,29,NYM,28,64,57,5,12,2,0,1,6,0,0,2,19,0.211,0.262,0.298,0.561,51,17,0,2,3,0,0,1
765,Tyler White\whitety01,28,LAD,12,26,22,2,1,0,0,0,2,0,0,4,4,0.045,0.192,0.045,0.238,-31,1,0,0,0,0,0,/3
766,Rowan Wick*\wickro01,26,CHC,31,0,0,0,0,0,0,0,0,0,0,0,0,,,,,,0,0,0,0,0,0,1
767,Brad Wieck*\wieckbr01,27,TOT,42,2,2,0,0,0,0,0,0,0,0,0,1,0,0,0,0,-100,0,0,0,0,0,0,1
768,Brad Wieck*\wieckbr01,27,SDP,28,2,2,0,0,0,0,0,0,0,0,0,1,0,0,0,0,-100,0,0,0,0,0,0,1
769,Brad Wieck*\wieckbr01,27,CHC,14,0,0,0,0,0,0,0,0,0,0,0,0,,,,,,0,0,0,0,0,0,1
770,Matt Wieters#\wietema01,33,STL,67,183,168,15,36,4,0,11,27,1,1,12,47,0.214,0.268,0.435,0.702,80,73,3,1,0,2,0,2
771,Aaron Wilkerson\wilkeaa01,30,MIL,8,3,3,1,1,0,0,1,2,0,0,0,1,0.333,0.333,1.333,1.667,298,4,0,0,0,0,0,/1
772,Austen Williams\williau01,26,WSN,2,0,0,0,0,0,0,0,0,0,0,0,0,,,,,,0,0,0,0,0,0,/1
773,Devin Williams\willide03,24,MIL,13,1,1,0,0,0,0,0,0,0,0,0,1,0,0,0,0,-100,0,0,0,0,0,0,1
774,Nick Williams*\willini01,25,PHI,67,112,106,9,16,4,0,2,5,0,0,4,43,0.151,0.196,0.245,0.442,14,26,1,2,0,0,0,43655
775,Taylor Williams#\willita01,27,MIL,12,1,1,0,0,0,0,0,0,0,0,0,1,0,0,0,0,-100,0,0,0,0,0,0,1
776,Trevor Williams\willitr01,27,PIT,23,44,36,2,6,0,0,0,4,0,0,2,17,0.167,0.211,0.167,0.377,3,6,0,0,6,0,0,1
777,Mac Williamson\willima11,28,SFG,15,57,51,3,6,1,0,1,7,2,0,5,18,0.118,0.211,0.196,0.407,10,10,2,1,0,0,0,43655
778,Alex Wilson\wilsoal01,32,MIL,11,0,0,0,0,0,0,0,0,0,0,0,0,,,,,,0,0,0,0,0,0,1
779,Bryse Wilson\wilsobr02,21,ATL,6,9,9,0,2,0,0,0,0,0,0,0,6,0.222,0.222,0.222,0.444,15,2,0,0,0,0,0,/1
780,Justin Wilson*\wilsoju10,31,NYM,40,0,0,0,0,0,0,0,0,0,0,0,0,,,,,,0,0,0,0,0,0,1
781,Trey Wingenter\wingetr01,25,SDP,48,0,0,0,0,0,0,0,0,0,0,0,0,,,,,,0,0,0,0,0,0,1
782,Jesse Winker*\winkeje01,25,CIN,113,384,338,51,91,17,2,16,38,0,2,38,60,0.269,0.357,0.473,0.83,111,160,10,8,0,0,2,789/D
783,Dan Winkler\winklda01,29,ATL,26,1,0,0,0,0,0,0,0,0,0,0,0,,,,,,0,0,0,1,0,0,1
784,Matt Wisler\wislema01,26,SDP,18,1,1,0,0,0,0,0,0,0,0,0,0,0,0,0,0,-100,0,0,0,0,0,0,1
785,Tony Wolters*\wolteto01,27,COL,121,411,359,42,94,17,2,1,42,0,1,36,68,0.262,0.337,0.329,0.666,64,118,9,8,2,6,5,*2/45
786,Kolten Wong*\wongko01,28,STL,148,549,478,61,136,25,4,11,59,24,4,47,83,0.285,0.361,0.423,0.784,106,202,2,13,6,5,5,*4
787,Alex Wood\woodal02,28,CIN,7,12,9,0,2,0,0,0,0,0,0,0,5,0.222,0.222,0.222,0.444,16,2,0,0,3,0,0,/1
788,Brandon Woodruff*\woodrbr01,26,MIL,25,49,45,1,12,4,0,0,4,0,0,1,20,0.267,0.283,0.356,0.638,65,16,0,0,3,0,0,1
789,Kyle Wright\wrighky01,23,ATL,7,6,6,0,0,0,0,0,0,0,0,0,4,0,0,0,0,-100,0,0,0,0,0,0,/1
790,Jordan Yamamoto\yamamjo01,23,MIA,16,26,21,0,1,0,0,0,1,0,0,1,9,0.048,0.091,0.048,0.139,-61,1,1,0,4,0,0,1
791,Eric Yardley\yardler01,28,SDP,10,0,0,0,0,0,0,0,0,0,0,0,0,,,,,,0,0,0,0,0,0,1
792,Mike Yastrzemski*\yastrmi01,28,SFG,107,411,371,64,101,22,3,21,55,2,4,32,107,0.272,0.334,0.518,0.852,123,192,4,4,1,3,1,79/8
793,Kirby Yates*\yateski01,32,SDP,59,0,0,0,0,0,0,0,0,0,0,0,0,,,,,,0,0,0,0,0,0,1
794,Christian Yelich*\yelicch01,27,MIL,130,580,489,100,161,29,3,44,97,30,2,80,118,0.329,0.429,0.671,1.1,179,328,8,8,0,3,16,*9/7D8
795,Huascar Ynoa\ynoahu01,21,ATL,2,0,0,0,0,0,0,0,0,0,0,0,0,,,,,,0,0,0,0,0,0,/1
796,Alex Young*\youngal01,25,ARI,16,25,25,1,1,0,0,0,0,0,0,0,18,0.04,0.04,0.04,0.08,-79,1,0,0,0,0,0,1
797,Mark Zagunis\zagunma01,26,CHC,30,40,36,2,9,3,0,0,5,0,0,4,16,0.25,0.325,0.333,0.658,72,12,1,0,0,0,0,/97
798,Daniel Zamora*\zamorda01,26,NYM,17,0,0,0,0,0,0,0,0,0,0,0,0,,,,,,0,0,0,0,0,0,1
799,Ryan Zimmerman\zimmery01,34,WSN,52,190,171,20,44,9,0,6,27,0,0,17,39,0.257,0.321,0.415,0.736,86,71,4,0,0,2,0,3/D
800,Ben Zobrist#\zobribe01,38,CHC,47,176,150,24,39,5,0,1,17,0,0,23,24,0.26,0.358,0.313,0.671,77,47,6,1,0,2,0,49/7D16
